
/*!40101 SET @OLD_CHARACTER_SET_CLIENT=@@CHARACTER_SET_CLIENT */;
/*!40101 SET @OLD_CHARACTER_SET_RESULTS=@@CHARACTER_SET_RESULTS */;
/*!40101 SET @OLD_COLLATION_CONNECTION=@@COLLATION_CONNECTION */;
/*!40101 SET NAMES utf8mb4 */;
/*!40103 SET @OLD_TIME_ZONE=@@TIME_ZONE */;
/*!40103 SET TIME_ZONE='+00:00' */;
/*!40014 SET @OLD_UNIQUE_CHECKS=@@UNIQUE_CHECKS, UNIQUE_CHECKS=0 */;
/*!40014 SET @OLD_FOREIGN_KEY_CHECKS=@@FOREIGN_KEY_CHECKS, FOREIGN_KEY_CHECKS=0 */;
/*!40101 SET @OLD_SQL_MODE=@@SQL_MODE, SQL_MODE='NO_AUTO_VALUE_ON_ZERO' */;
/*!40111 SET @OLD_SQL_NOTES=@@SQL_NOTES, SQL_NOTES=0 */;
DROP TABLE IF EXISTS `admin_password_resets`;
/*!40101 SET @saved_cs_client     = @@character_set_client */;
/*!40101 SET character_set_client = utf8 */;
CREATE TABLE `admin_password_resets` (
  `email` varchar(191) COLLATE utf8mb4_unicode_ci NOT NULL,
  `token` varchar(191) COLLATE utf8mb4_unicode_ci NOT NULL,
  `created_at` timestamp NULL DEFAULT NULL
) ENGINE=InnoDB DEFAULT CHARSET=utf8mb4 COLLATE=utf8mb4_unicode_ci;
/*!40101 SET character_set_client = @saved_cs_client */;

LOCK TABLES `admin_password_resets` WRITE;
/*!40000 ALTER TABLE `admin_password_resets` DISABLE KEYS */;
/*!40000 ALTER TABLE `admin_password_resets` ENABLE KEYS */;
UNLOCK TABLES;
DROP TABLE IF EXISTS `admin_users`;
/*!40101 SET @saved_cs_client     = @@character_set_client */;
/*!40101 SET character_set_client = utf8 */;
CREATE TABLE `admin_users` (
  `id` bigint(20) unsigned NOT NULL AUTO_INCREMENT,
  `name` varchar(50) COLLATE utf8mb4_unicode_ci NOT NULL DEFAULT '',
  `email` varchar(50) COLLATE utf8mb4_unicode_ci NOT NULL DEFAULT '',
  `email_verified_at` timestamp NULL DEFAULT NULL,
  `password` varchar(100) COLLATE utf8mb4_unicode_ci NOT NULL DEFAULT '',
  `two_factor_secret` text COLLATE utf8mb4_unicode_ci DEFAULT NULL,
  `two_factor_recovery_codes` text COLLATE utf8mb4_unicode_ci DEFAULT NULL,
  `remember_token` varchar(100) COLLATE utf8mb4_unicode_ci DEFAULT NULL,
  `profile_photo_path` varchar(2048) COLLATE utf8mb4_unicode_ci DEFAULT NULL,
  `created_at` timestamp NULL DEFAULT NULL,
  `updated_at` timestamp NULL DEFAULT NULL,
  PRIMARY KEY (`id`),
  UNIQUE KEY `email` (`email`)
) ENGINE=InnoDB AUTO_INCREMENT=2 DEFAULT CHARSET=utf8mb4 COLLATE=utf8mb4_unicode_ci;
/*!40101 SET character_set_client = @saved_cs_client */;

LOCK TABLES `admin_users` WRITE;
/*!40000 ALTER TABLE `admin_users` DISABLE KEYS */;
INSERT INTO `admin_users` VALUES (1,'Paul Test-Admin','admin@test.loc','2021-11-02 15:13:32','$2y$10$92IXUNpkjO0rOQ5byMi.Ye4oKoEa3Ro9llC/.og/at2.uheWG/igi',NULL,NULL,'rBYqOupmT3',NULL,'2021-11-02 15:13:32','2021-11-02 15:13:32');
/*!40000 ALTER TABLE `admin_users` ENABLE KEYS */;
UNLOCK TABLES;
DROP TABLE IF EXISTS `boat_dates`;
/*!40101 SET @saved_cs_client     = @@character_set_client */;
/*!40101 SET character_set_client = utf8 */;
CREATE TABLE `boat_dates` (
  `id` int(10) unsigned NOT NULL AUTO_INCREMENT,
  `boat_id` int(10) unsigned NOT NULL,
  `modus` enum('saison','winter') COLLATE utf8mb4_unicode_ci NOT NULL DEFAULT 'saison',
  `from` date NOT NULL,
  `until` date NOT NULL,
  `price` int(10) unsigned NOT NULL,
  `prices` longtext COLLATE utf8mb4_unicode_ci NOT NULL,
  PRIMARY KEY (`id`),
  KEY `from` (`from`,`until`),
  KEY `boat_id` (`boat_id`),
  CONSTRAINT `boat_dates_ibfk_1` FOREIGN KEY (`boat_id`) REFERENCES `boats` (`id`) ON DELETE CASCADE ON UPDATE CASCADE
) ENGINE=InnoDB AUTO_INCREMENT=16 DEFAULT CHARSET=utf8mb4 COLLATE=utf8mb4_unicode_ci;
/*!40101 SET character_set_client = @saved_cs_client */;

LOCK TABLES `boat_dates` WRITE;
/*!40000 ALTER TABLE `boat_dates` DISABLE KEYS */;
INSERT INTO `boat_dates` VALUES (1,1,'winter','2020-10-29','2020-11-04',0,'{}'),(2,1,'saison','2021-02-23','2021-02-26',0,'{}'),(3,1,'winter','2021-01-04','2021-01-05',0,'{}'),(4,2,'winter','2020-09-20','2020-09-23',0,'{}'),(5,2,'winter','2020-05-28','2020-05-30',0,'{}'),(6,2,'winter','2021-01-31','2021-02-07',0,'{}'),(7,3,'saison','2020-09-20','2020-09-22',0,'{}'),(8,3,'saison','2020-10-04','2020-10-08',0,'{}'),(9,3,'saison','2020-02-17','2020-02-23',0,'{}'),(10,4,'saison','2020-06-13','2020-06-20',0,'{}'),(11,4,'winter','2020-01-06','2020-01-11',0,'{}'),(12,4,'saison','2020-08-16','2020-08-19',0,'{}'),(13,5,'winter','2020-08-20','2020-08-27',0,'{}'),(14,5,'saison','2020-12-31','2021-01-04',0,'{}'),(15,5,'winter','2021-07-31','2021-08-05',0,'{}');
/*!40000 ALTER TABLE `boat_dates` ENABLE KEYS */;
UNLOCK TABLES;
DROP TABLE IF EXISTS `boat_guest_dates`;
/*!40101 SET @saved_cs_client     = @@character_set_client */;
/*!40101 SET character_set_client = utf8 */;
CREATE TABLE `boat_guest_dates` (
  `id` int(10) unsigned NOT NULL AUTO_INCREMENT,
  `boat_guest_id` int(10) unsigned NOT NULL,
  `from` date NOT NULL,
  `until` date NOT NULL,
  `persons` tinyint(3) unsigned NOT NULL,
  `electric` tinyint(3) unsigned DEFAULT NULL,
  `day_price` int(10) unsigned DEFAULT NULL,
  `price` int(10) unsigned NOT NULL,
  `prices` longtext COLLATE utf8mb4_unicode_ci NOT NULL,
  PRIMARY KEY (`id`),
  KEY `boat_guest_dates_boat_guest_id_index` (`boat_guest_id`),
  CONSTRAINT `boat_guest_dates_ibfk_1` FOREIGN KEY (`boat_guest_id`) REFERENCES `boat_guests` (`id`) ON DELETE CASCADE ON UPDATE CASCADE
) ENGINE=InnoDB AUTO_INCREMENT=16 DEFAULT CHARSET=utf8mb4 COLLATE=utf8mb4_unicode_ci;
/*!40101 SET character_set_client = @saved_cs_client */;

LOCK TABLES `boat_guest_dates` WRITE;
/*!40000 ALTER TABLE `boat_guest_dates` DISABLE KEYS */;
INSERT INTO `boat_guest_dates` VALUES (1,1,'2022-02-21','2022-02-27',0,NULL,NULL,0,'{}'),(2,1,'2021-03-11','2021-03-18',0,NULL,NULL,0,'{}'),(3,1,'2021-01-14','2021-01-20',0,NULL,NULL,0,'{}'),(4,2,'2021-11-22','2021-11-24',0,NULL,NULL,0,'{}'),(5,2,'2021-10-19','2021-10-26',0,NULL,NULL,0,'{}'),(6,2,'2021-01-13','2021-01-17',0,NULL,NULL,0,'{}'),(7,3,'2021-04-19','2021-04-24',0,NULL,NULL,0,'{}'),(8,3,'2020-10-29','2020-11-04',0,NULL,NULL,0,'{}'),(9,3,'2021-07-04','2021-07-10',0,NULL,NULL,0,'{}'),(10,4,'2020-07-21','2020-07-25',0,NULL,NULL,0,'{}'),(11,4,'2021-03-05','2021-03-07',0,NULL,NULL,0,'{}'),(12,4,'2021-10-14','2021-10-20',0,NULL,NULL,0,'{}'),(13,5,'2021-04-10','2021-04-14',0,NULL,NULL,0,'{}'),(14,5,'2021-10-08','2021-10-13',0,NULL,NULL,0,'{}'),(15,5,'2020-07-23','2020-07-25',0,NULL,NULL,0,'{}');
/*!40000 ALTER TABLE `boat_guest_dates` ENABLE KEYS */;
UNLOCK TABLES;
DROP TABLE IF EXISTS `boat_guests`;
/*!40101 SET @saved_cs_client     = @@character_set_client */;
/*!40101 SET character_set_client = utf8 */;
CREATE TABLE `boat_guests` (
  `id` int(10) unsigned NOT NULL AUTO_INCREMENT,
  `name` varchar(50) COLLATE utf8mb4_unicode_ci NOT NULL DEFAULT '',
  `length` tinyint(3) unsigned NOT NULL,
  `home_port` varchar(50) COLLATE utf8mb4_unicode_ci NOT NULL DEFAULT '',
  PRIMARY KEY (`id`)
) ENGINE=InnoDB AUTO_INCREMENT=6 DEFAULT CHARSET=utf8mb4 COLLATE=utf8mb4_unicode_ci;
/*!40101 SET character_set_client = @saved_cs_client */;

LOCK TABLES `boat_guests` WRITE;
/*!40000 ALTER TABLE `boat_guests` DISABLE KEYS */;
INSERT INTO `boat_guests` VALUES (1,'Svetlana Bach',8,'Seelze'),(2,'Luzia Sonntag',18,'Weißenfels'),(3,'Ivan Reuter',19,'Bretten'),(4,'Vitali Müller',20,'Köthen (Anhalt)'),(5,'Siegrid Vollmer',17,'Maintal');
/*!40000 ALTER TABLE `boat_guests` ENABLE KEYS */;
UNLOCK TABLES;
DROP TABLE IF EXISTS `boats`;
/*!40101 SET @saved_cs_client     = @@character_set_client */;
/*!40101 SET character_set_client = utf8 */;
CREATE TABLE `boats` (
  `id` int(10) unsigned NOT NULL AUTO_INCREMENT,
  `customer_id` int(10) unsigned NOT NULL,
  `boat_type` enum('motor','sail') COLLATE utf8mb4_unicode_ci NOT NULL DEFAULT 'motor',
  `boat_name` varchar(50) COLLATE utf8mb4_unicode_ci NOT NULL DEFAULT '',
  `length` decimal(3,1) unsigned DEFAULT NULL,
  `width` decimal(2,1) unsigned DEFAULT NULL,
  `weight` int(10) unsigned DEFAULT NULL,
  `mast_length` tinyint(3) unsigned DEFAULT NULL,
  `mast_weight` int(10) unsigned DEFAULT NULL,
  `draft` decimal(3,1) unsigned DEFAULT NULL,
  `length_waterline` decimal(3,1) unsigned DEFAULT NULL,
  `length_keel` decimal(3,1) unsigned DEFAULT NULL,
  `home_port` varchar(50) COLLATE utf8mb4_unicode_ci DEFAULT NULL,
  PRIMARY KEY (`id`),
  UNIQUE KEY `carnumber` (`boat_name`),
  KEY `boats_fk_1` (`customer_id`),
  CONSTRAINT `boats_fk_1` FOREIGN KEY (`customer_id`) REFERENCES `customers` (`id`) ON DELETE CASCADE ON UPDATE CASCADE
) ENGINE=InnoDB AUTO_INCREMENT=6 DEFAULT CHARSET=utf8mb4 COLLATE=utf8mb4_unicode_ci;
/*!40101 SET character_set_client = @saved_cs_client */;

LOCK TABLES `boats` WRITE;
/*!40000 ALTER TABLE `boats` DISABLE KEYS */;
INSERT INTO `boats` VALUES (1,1,'sail','Roger Schneider',5.0,3.4,3024,13,70,8.2,4.0,3.3,'Laatzen'),(2,2,'motor','Nicole May',6.0,3.1,1218,NULL,NULL,NULL,NULL,NULL,'Xanten'),(3,3,'sail','Carina Hartwig',14.0,2.7,2077,16,96,3.5,13.0,2.2,'Tönisvorst'),(4,4,'sail','Frau Prof. Dr. Heidemarie Westphal',12.0,2.7,1848,17,65,16.0,11.0,4.4,'Zerbst/Anhalt'),(5,5,'motor','Manfred Baum',7.0,2.1,1718,NULL,NULL,NULL,NULL,NULL,'Herford');
/*!40000 ALTER TABLE `boats` ENABLE KEYS */;
UNLOCK TABLES;
DROP TABLE IF EXISTS `car_license_plates`;
/*!40101 SET @saved_cs_client     = @@character_set_client */;
/*!40101 SET character_set_client = utf8 */;
CREATE TABLE `car_license_plates` (
  `id` int(10) unsigned NOT NULL AUTO_INCREMENT,
  `country_id` int(10) unsigned NOT NULL,
  `code` varchar(10) COLLATE utf8mb4_unicode_ci NOT NULL DEFAULT '',
  `location` varchar(50) COLLATE utf8mb4_unicode_ci NOT NULL DEFAULT '',
  `district` varchar(300) COLLATE utf8mb4_unicode_ci NOT NULL DEFAULT '',
  `state` varchar(191) COLLATE utf8mb4_unicode_ci NOT NULL DEFAULT '',
  PRIMARY KEY (`id`),
  KEY `country_id` (`country_id`),
  KEY `code` (`code`),
  KEY `location` (`location`)
) ENGINE=InnoDB AUTO_INCREMENT=1445 DEFAULT CHARSET=utf8mb4 COLLATE=utf8mb4_unicode_ci;
/*!40101 SET character_set_client = @saved_cs_client */;

LOCK TABLES `car_license_plates` WRITE;
/*!40000 ALTER TABLE `car_license_plates` DISABLE KEYS */;
INSERT INTO `car_license_plates` VALUES (723,55,'A','Augsburg','Stadt Augsburg, Landkreis Augsburg','Bayern'),(724,55,'AA','AAlen','Ostalbkreis','Baden-Württemberg'),(725,55,'AB','Aschaffenburg','Stadt Aschaffenburg, Landkreis Aschaffenburg','Bayern'),(726,55,'ABG','AltenBurG','Landkreis Altenburger Land','Thüringen'),(727,55,'ABI','Anhalt, BItterfeld','Landkreis Anhalt-Bitterfeld','Sachsen-Anhalt'),(728,55,'AC','AaChen','Städteregion Aachen','Nordrhein-Westfalen'),(729,55,'AE','AuErbach','Vogtlandkreis','Sachsen'),(730,55,'AH','AHaus','Kreis Borken','Nordrhein-Westfalen'),(731,55,'AIB','AIBling','Landkreis München, Landkreis Rosenheim','Bayern'),(732,55,'AIC','AIChach','Landkreis Aichach-Friedberg','Bayern'),(733,55,'AK','AltenKirchen','Landkreis Altenkirchen (Westerwald)','Rheinland-Pfalz'),(734,55,'ALF','ALFeld','Landkreis Hildesheim','Niedersachsen'),(735,55,'ALZ','ALZenau','Landkreis Aschaffenburg','Bayern'),(736,55,'AM','AMberg','Stadt Amberg','Bayern'),(737,55,'AN','ANsbach','Stadt Ansbach, Landkreis Ansbach','Bayern'),(738,55,'ANA','ANnAberg','Erzgebirgskreis','Sachsen'),(739,55,'ANG','ANGermünde','Landkreis Uckermark','Brandenburg'),(740,55,'ANK','ANKlam','Landkreis Vorpommern-Greifswald ohne die Stadt Greifswald','Mecklenburg-Vorpommern'),(741,55,'AÖ','AltÖtting','Landkreis Altötting','Bayern'),(742,55,'AP','APolda','Landkreis Weimarer Land','Thüringen'),(743,55,'APD','APolDa','Landkreis Weimarer Land','Thüringen'),(744,55,'ARN','ARNstadt','Ilm-Kreis','Thüringen'),(745,55,'ART','ARTern','Kyffhäuserkreis','Thüringen'),(746,55,'AS','Amberg, Sulzbach','Landkreis Amberg-Sulzbach','Bayern'),(747,55,'ASL','ASchersLeben','Salzlandkreis','Sachsen-Anhalt'),(748,55,'ASZ','Aue, SchwarZenberg','Erzgebirgskreis','Sachsen'),(749,55,'AT','AltenTreptow','Landkreis Mecklenburgische Seenplatte ohne die Stadt Neubrandenburg','Mecklenburg-Vorpommern'),(750,55,'AU','AUe','Erzgebirgskreis','Sachsen'),(751,55,'AUR','AURich','Landkreis Aurich','Niedersachsen'),(752,55,'AW','AhrWeiler','Landkreis Ahrweiler','Rheinland-Pfalz'),(753,55,'AZ','AlZey','Landkreis Alzey-Worms','Rheinland-Pfalz'),(754,55,'AZE','Anhalt-ZErbst','Landkreis Anhalt-Bitterfeld','Sachsen-Anhalt'),(755,55,'B','Berlin','Berlin','Berlin'),(756,55,'BA','BAmberg','Stadt Bamberg, Landkreis Bamberg','Bayern'),(757,55,'BAD','BADen-Baden','Stadt Baden-Baden','Baden-Württemberg'),(758,55,'BAR','BARnim','Landkreis Barnim','Brandenburg'),(759,55,'BB','BöBlingen','Landkreis Böblingen','Baden-Württemberg'),(760,55,'BBG','BernBurG','Salzlandkreis','Sachsen-Anhalt'),(761,55,'BBL','BrandenBurgische Landesregierung','Brandenburg, Landesregierung, Landtag und Polizei','Brandenburg'),(762,55,'BC','BiberaCh','Landkreis Biberach','Baden-Württemberg'),(763,55,'BCH','BuCHen','Neckar-Odenwald-Kreis','Baden-Württemberg'),(764,55,'BD','BundesDienst','Deutscher Bundestag, Bundesrat, Bundespräsidialamt, Bundesregierung, Bundesministerien, Bundesfinanzverwaltung und Bundesverfassungsgericht','bundesweit'),(765,55,'BE','BEckum','Kreis Warendorf','Nordrhein-Westfalen'),(766,55,'BED','Brand-ErbisDorf','Landkreis Mittelsachsen','Sachsen'),(767,55,'BER','BERnau','Landkreis Barnim','Brandenburg'),(768,55,'BF','BurgsteinFurt','Kreis Steinfurt','Nordrhein-Westfalen'),(769,55,'BGD','BerchtesGaDen','Landkreis Berchtesgadener Land','Bayern'),(770,55,'BGL','BerchtesGadener Land','Landkreis Berchtesgadener Land','Bayern'),(771,55,'BH','BüHl','Ortenaukreis, Landkreis Rastatt','Baden-Württemberg'),(772,55,'BI','BIelefeld','Stadt Bielefeld','Nordrhein-Westfalen'),(773,55,'BID','BIeDenkopf','Landkreis Marburg-Biedenkopf','Hessen'),(774,55,'BIN','BINgen','Landkreis Mainz-Bingen','Rheinland-Pfalz'),(775,55,'BIR','BIRkenfeld','Landkreis Birkenfeld','Rheinland-Pfalz'),(776,55,'BIT','BITburg','Eifelkreis Bitburg-Prüm','Rheinland-Pfalz'),(777,55,'BIW','BIschofsWerda','Landkreis Bautzen','Sachsen'),(778,55,'BK','BacKnang','Landkreis Backnang','Baden-Württemberg'),(779,55,'BKS','BernKaStel','Landkreis Bernkastel-Wittlich','Rheinland-Pfalz'),(780,55,'BL','BaLingen','Zollernalbkreis','Baden-Württemberg'),(781,55,'BLB','BerLeBurg','Kreis Siegen-Wittgenstein','Nordrhein-Westfalen'),(782,55,'BLK','BurgenLandKreis','Burgenlandkreis','Sachsen-Anhalt'),(783,55,'BM','BergheiM','Rhein-Erft-Kreis','Nordrhein-Westfalen'),(784,55,'BN','BonN','Stadt Bonn, Diplomaten','Nordrhein-Westfalen'),(785,55,'BNA','BorNA','Landkreis Leipzig','Sachsen'),(786,55,'BO','BOchum','Stadt Bochum','Nordrhein-Westfalen'),(787,55,'BÖ','BÖrde','Landkreis Börde','Sachsen-Anhalt'),(788,55,'BOG','BOGen','Landkreis Straubing-Bogen','Bayern'),(789,55,'BOH','BOcHolt','Kreis Borken','Nordrhein-Westfalen'),(790,55,'BOR','BORken','Kreis Borken','Nordrhein-Westfalen'),(791,55,'BOT','BOTtrop','Stadt Bottrop','Nordrhein-Westfalen'),(792,55,'BP','BundesPolizei','Bundespolizei','bundesweit'),(793,55,'BRA','BRAke','Landkreis Wesermarsch','Niedersachsen'),(794,55,'BRB','BRandenBurg','Stadt Brandenburg an der Havel','Brandenburg'),(795,55,'BRG','BuRG','Landkreis Jerichower Land','Sachsen-Anhalt'),(796,55,'BRK','BRücKenau','Landkreis Bad Kissingen','Bayern'),(797,55,'BRL','BRaunLage','Landkreis Goslar','Niedersachsen'),(798,55,'BRV','BRemerVörde','Landkreis Rotenburg (Wümme)','Niedersachsen'),(799,55,'BS','BraunSchweig','Stadt Braunschweig, Polizeidirektion Braunschweig (PD 100–9999)','Niedersachsen'),(800,55,'BSB','BerSenBrück','Landkreis Osnabrück','Niedersachsen'),(801,55,'BSK','BeeSKow','Landkreis Oder-Spree','Brandenburg'),(802,55,'BT','BayreuTh','Stadt Bayreuth, Landkreis Bayreuth','Bayern'),(803,55,'BTF','BitTerFeld','Landkreis Anhalt-Bitterfeld','Sachsen-Anhalt'),(804,55,'BÜD','BÜDingen','Wetteraukreis','Hessen'),(805,55,'BUL','BUrgLengenfeld','Landkreis Amberg-Sulzbach (B, F und G 1–999), Landkreis Schwandorf','Bayern'),(806,55,'BÜR','BÜRen','Kreis Paderborn','Nordrhein-Westfalen'),(807,55,'BÜS','BÜSingen','Gemeinde Büsingen am Hochrhein (Gemeinde im Landkreis Konstanz, deutsche Exklave in der Schweiz) (A und Z 1–999)','Baden-Württemberg'),(808,55,'BÜZ','BÜtZow','Landkreis Rostock','Mecklenburg-Vorpommern'),(809,55,'BW','Bundes-Wasserstraßen- und Schifffahrtsverwaltung','Wasserstraßen- und Schifffahrtsverwaltung des Bundes','bundesweit'),(810,55,'BWL','Baden-Württembergischer Landtag','Baden-Württemberg, Landesregierung, Landtag und Polizei','Baden-Württemberg'),(811,55,'BYL','BaYerischer Landtag','Bayern, Landesregierung und Landtag','Bayern'),(812,55,'BZ','BautZen','Landkreis Bautzen','Sachsen'),(813,55,'C','Chemnitz','Stadt Chemnitz','Sachsen'),(814,55,'CA','CAlau','Landkreis Oberspreewald-Lausitz','Brandenburg'),(815,55,'CAS','CAStrop','Kreis Recklinghausen','Nordrhein-Westfalen'),(816,55,'CB','CottBus','Stadt Cottbus','Brandenburg'),(817,55,'CE','CElle','Landkreis Celle','Niedersachsen'),(818,55,'CHA','CHAm','Landkreis Cham','Bayern'),(819,55,'CLP','CLopPenburg','Landkreis Cloppenburg','Niedersachsen'),(820,55,'CLZ','CLausthal-Zellerfeld','Landkreis Goslar','Niedersachsen'),(821,55,'CO','COburg','Stadt Coburg und Landkreis Coburg','Bayern'),(822,55,'COC','COChem','Landkreis Cochem-Zell','Rheinland-Pfalz'),(823,55,'COE','COEsfeld','Kreis Coesfeld','Nordrhein-Westfalen'),(824,55,'CR','CRailsheim','Landkreis Schwäbisch Hall','Baden-Württemberg'),(825,55,'CUX','CUXhaven','Landkreis Cuxhaven','Niedersachsen'),(826,55,'CW','CalW','Landkreis Calw','Baden-Württemberg'),(827,55,'D','Düsseldorf','Stadt Düsseldorf','Nordrhein-Westfalen'),(828,55,'DA','DArmstadt','Landkreis Darmstadt-Dieburg und Stadt Darmstadt','Hessen'),(829,55,'DAH','DAcHau','Landkreis Dachau','Bayern'),(830,55,'DAN','DANnenberg','Landkreis Lüchow-Dannenberg','Niedersachsen'),(831,55,'DAU','DAUn','Landkreis Vulkaneifel','Rheinland-Pfalz'),(832,55,'DBR','DoBeRan','Landkreis Rostock','Mecklenburg-Vorpommern'),(833,55,'DD','DresDen','Stadt Dresden, Polizei Sachsen (Q 1000–9999)','Sachsen'),(834,55,'DE','DEssau','Stadt Dessau-Roßlau','Sachsen-Anhalt'),(835,55,'DEG','DEGgendorf','Landkreis Deggendorf','Bayern'),(836,55,'DEL','DELmenhorst','Stadt Delmenhorst','Niedersachsen'),(837,55,'DGF','DinGolFing','Landkreis Dingolfing-Landau','Bayern'),(838,55,'DH','DiepHolz','Landkreis Diepholz','Niedersachsen'),(839,55,'DI','DIeburg','Landkreis Darmstadt-Dieburg','Hessen'),(840,55,'DIL','DILlenburg','Lahn-Dill-Kreis ohne die Stadt Wetzlar','Hessen'),(841,55,'DIN','DINslaken','Kreis Wesel','Nordrhein-Westfalen'),(842,55,'DIZ','DIeZ','Rhein-Lahn-Kreis','Rheinland-Pfalz'),(843,55,'DKB','DinKelsBühl','Landkreis Ansbach','Bayern'),(844,55,'DL','DöbeLn','Landkreis Mittelsachsen','Sachsen'),(845,55,'DLG','DilLinGen','Landkreis Dillingen an der Donau','Bayern'),(846,55,'DM','DemMin','Landkreis Mecklenburgische Seenplatte ohne die Stadt Neubrandenburg','Mecklenburg-Vorpommern'),(847,55,'DN','DüreN','Kreis Düren','Nordrhein-Westfalen'),(848,55,'DO','DOrtmund','Stadt Dortmund','Nordrhein-Westfalen'),(849,55,'DON','DONauwörth','Landkreis Donau-Ries','Bayern'),(850,55,'DU','DUisburg','Stadt Duisburg','Nordrhein-Westfalen'),(851,55,'DUD','DUDerstadt','Landkreis Göttingen ohne die Stadt Göttingen','Niedersachsen'),(852,55,'DÜW','DÜrkheim an der Weinstraße','Landkreis Bad Dürkheim','Rheinland-Pfalz'),(853,55,'DW','DippoldisWalde','Landkreis Sächsische Schweiz-Osterzgebirge','Sachsen'),(854,55,'DZ','DelitZsch','Landkreis Nordsachsen','Sachsen'),(855,55,'E','Essen','Stadt Essen','Nordrhein-Westfalen'),(856,55,'EA','EisenAch','Stadt Eisenach','Thüringen'),(857,55,'EB','EilenBurg','Landkreis Nordsachsen','Sachsen'),(858,55,'EBE','EBErsberg','Landkreis Ebersberg','Bayern'),(859,55,'EBN','EBerN','Landkreis Haßberge','Bayern'),(860,55,'EBS','EBermannStadt','Landkreis Forchheim, Landkreis Kulmbach (A–M 1–999), Landkreis Bayreuth (N–Z 1–999)','Bayern'),(861,55,'ECK','ECKernförde','Kreis Rendsburg-Eckernförde','Schleswig-Holstein'),(862,55,'ED','ErDing','Landkreis Erding','Bayern'),(863,55,'EE','Elbe, Elster','Landkreis Elbe-Elster','Brandenburg'),(864,55,'EF','ErFurt','Stadt Erfurt','Thüringen'),(865,55,'EG','EGgenfelden','Landkreis Rottal-Inn','Bayern'),(866,55,'EH','EisenHüttenstadt','Landkreis Oder-Spree','Brandenburg'),(867,55,'EI','EIchstätt','Landkreis Eichstätt','Bayern'),(868,55,'EIC','EIChsfeld','Landkreis Eichsfeld','Thüringen'),(869,55,'EIL','EIsLeben','Landkreis Mansfeld-Südharz','Sachsen-Anhalt'),(870,55,'EIN','EINbeck','Landkreis Northeim','Niedersachsen'),(871,55,'EIS','EISenberg','Saale-Holzland-Kreis','Thüringen'),(872,55,'EL','EmsLand','Landkreis Emsland','Niedersachsen'),(873,55,'EM','EMmendingen','Landkreis Emmendingen','Baden-Württemberg'),(874,55,'EMD','EMDen','Stadt Emden','Niedersachsen'),(875,55,'EMS','EMS','Rhein-Lahn-Kreis','Rheinland-Pfalz'),(876,55,'EN','ENnepe','Ennepe-Ruhr-Kreis','Nordrhein-Westfalen'),(877,55,'ER','ERlangen','Stadt Erlangen','Bayern'),(878,55,'ERB','ERBach','Odenwaldkreis','Hessen'),(879,55,'ERH','ERlangen, Höchstadt','Landkreis Erlangen-Höchstadt','Bayern'),(880,55,'ERK','ERKelenz','Kreis Heinsberg','Nordrhein-Westfalen'),(881,55,'ERZ','ERZgebirge','Erzgebirgskreis','Sachsen'),(882,55,'ES','ESslingen','Landkreis Esslingen','Baden-Württemberg'),(883,55,'ESB','ESchenBach','Landkreis Neustadt an der Waldnaab, Landkreis Amberg-Sulzbach (B, F, G, I, O und Q 1–999), Landkreis Bayreuth (AT, BT, CT, DT, ... YT und ZT 1–99), Landkreis Nürnberger Land (N 1–999)','Bayern'),(884,55,'ESW','ESchWege','Werra-Meißner-Kreis','Hessen'),(885,55,'EU','EUskirchen','Kreis Euskirchen','Nordrhein-Westfalen'),(886,55,'EW','EbersWalde','Landkreis Barnim','Brandenburg'),(887,55,'F','Frankfurt','Stadt Frankfurt am Main','Hessen'),(888,55,'FB','FriedBerg','Wetteraukreis','Hessen'),(889,55,'FD','FulDa','Landkreis Fulda','Hessen'),(890,55,'FDB','FrieDBerg','Landkreis Aichach-Friedberg','Bayern'),(891,55,'FDS','FreuDenStadt','Landkreis Freudenstadt','Baden-Württemberg'),(892,55,'FEU','FEUchtwangen','Landkreis Ansbach','Bayern'),(893,55,'FF','FrankFurt','Stadt Frankfurt (Oder)','Brandenburg'),(894,55,'FFB','FürstenFeldBruck','Landkreis Fürstenfeldbruck','Bayern'),(895,55,'FG','FreiberG','Landkreis Mittelsachsen','Sachsen'),(896,55,'FI','FInsterwalde','Landkreis Elbe-Elster','Brandenburg'),(897,55,'FKB','FranKenBerg','Landkreis Waldeck-Frankenberg','Hessen'),(898,55,'FL','FLensburg','Stadt Flensburg','Schleswig-Holstein'),(899,55,'FLÖ','FLÖha','Landkreis Mittelsachsen','Sachsen'),(900,55,'FN','FriedrichshafeN','Bodenseekreis','Baden-Württemberg'),(901,55,'FO','FOrchheim','Landkreis Forchheim','Bayern'),(902,55,'FOR','FORst','Landkreis Spree-Neiße','Brandenburg'),(903,55,'FR','FReiburg','Landkreis Breisgau-Hochschwarzwald, Stadt Freiburg im Breisgau (AA–MZ 100–999 und NA–ZZ 100–9999)','Baden-Württemberg'),(904,55,'FRG','FReyung, Grafenau','Landkreis Freyung-Grafenau','Bayern'),(905,55,'FRI','FRIesland','Landkreis Friesland','Niedersachsen'),(906,55,'FRW','FReienWalde','Landkreis Märkisch-Oderland','Brandenburg'),(907,55,'FS','FreiSing','Landkreis Freising','Bayern'),(908,55,'FT','FrankenThal','Stadt Frankenthal (Pfalz)','Rheinland-Pfalz'),(909,55,'FTL','FreiTaL','Landkreis Sächsische Schweiz-Osterzgebirge','Sachsen'),(910,55,'FÜ','FÜrth','Landkreis Fürth, Stadt Fürth (AA–ZZ 100–999)','Bayern'),(911,55,'FÜS','FÜSsen','Landkreis Ostallgäu','Bayern'),(912,55,'FW','FürstenWalde','Landkreis Oder-Spree','Brandenburg'),(913,55,'FZ','FritZlar','Schwalm-Eder-Kreis','Hessen'),(914,55,'G','Gera','Stadt Gera','Thüringen'),(915,55,'GA','GArdelegen','Altmarkkreis Salzwedel','Sachsen-Anhalt'),(916,55,'GAN','GANdersheim','Landkreis Northeim','Niedersachsen'),(917,55,'GAP','GArmisch-Partenkirchen','Landkreis Garmisch-Partenkirchen','Bayern'),(918,55,'GC','GlauChau','Landkreis Zwickau','Sachsen'),(919,55,'GD','GmünD','Ostalbkreis','Baden-Württemberg'),(920,55,'GDB','GaDeBusch','Landkreis Nordwestmecklenburg','Mecklenburg-Vorpommern'),(921,55,'GE','GElsenkirchen','Stadt Gelsenkirchen','Nordrhein-Westfalen'),(922,55,'GEL','GELdern','Kreis Kleve','Nordrhein-Westfalen'),(923,55,'GEO','GErOlzhofen','Landkreis Schweinfurt, Landkreis Haßberge (A und B 1000–9999)','Bayern'),(924,55,'GER','GERmersheim','Landkreis Germersheim','Rheinland-Pfalz'),(925,55,'GF','GiFhorn','Landkreis Gifhorn','Niedersachsen'),(926,55,'GG','Groß-Gerau','Kreis Groß-Gerau','Hessen'),(927,55,'GHA','GeitHAin','Landkreis Leipzig','Sachsen'),(928,55,'GHC','GräfenHainiChen','Landkreis Wittenberg','Sachsen-Anhalt'),(929,55,'GI','GIeßen','Landkreis Gießen','Hessen'),(930,55,'GK','GeilenKirchen','Kreis Heinsberg','Nordrhein-Westfalen'),(931,55,'GL','GLadbach','Rheinisch-Bergischer Kreis','Nordrhein-Westfalen'),(932,55,'GLA','GLAdbeck','Kreis Recklinghausen','Nordrhein-Westfalen'),(933,55,'GM','GumMersbach','Oberbergischer Kreis','Nordrhein-Westfalen'),(934,55,'GMN','GrimMeN','Landkreis Vorpommern-Rügen ohne die Stadt Stralsund','Mecklenburg-Vorpommern'),(935,55,'GN','GelnhauseN','Main-Kinzig-Kreis ohne die Stadt Hanau','Hessen'),(936,55,'GNT','GeNThin','Landkreis Jerichower Land','Sachsen-Anhalt'),(937,55,'GÖ','GÖttingen','Landkreis Göttingen, Stadt Göttingen','Niedersachsen'),(938,55,'GOA','GOAr','Rhein-Hunsrück-Kreis','Rheinland-Pfalz'),(939,55,'GOH','GOarsHausen','Rhein-Lahn-Kreis','Rheinland-Pfalz'),(940,55,'GP','GöpPingen','Landkreis Göppingen','Baden-Württemberg'),(941,55,'GR','GöRlitz','Landkreis Görlitz','Sachsen'),(942,55,'GRA','GRAfenau','Landkreis Freyung-Grafenau','Bayern'),(943,55,'GRH','GRoßenHain','Landkreis Meißen','Sachsen'),(944,55,'GRI','GRIesbach','Landkreis Rottal-Inn (B, I, O und Q 100–999)','Bayern'),(945,55,'GRM','GRimMa','Landkreis Leipzig','Sachsen'),(946,55,'GRZ','GReiZ','Landkreis Greiz','Thüringen'),(947,55,'GS','GoSlar','Landkreis Goslar','Niedersachsen'),(948,55,'GT','GüTersloh','Kreis Gütersloh','Nordrhein-Westfalen'),(949,55,'GTH','GoTHa','Landkreis Gotha','Thüringen'),(950,55,'GÜ','GÜstrow','Landkreis Rostock','Mecklenburg-Vorpommern'),(951,55,'GUB','GUBen','Landkreis Spree-Neiße','Brandenburg'),(952,55,'GUN','GUNzenhausen','Landkreis Weißenburg-Gunzenhausen','Bayern'),(953,55,'GV','GreVenbroich','Rhein-Kreis Neuss','Nordrhein-Westfalen'),(954,55,'GVM','GreVesMühlen','Landkreis Nordwestmecklenburg','Mecklenburg-Vorpommern'),(955,55,'GW','GreifsWald','Landkreis Vorpommern-Greifswald ohne die Stadt Greifswald','Mecklenburg-Vorpommern'),(956,55,'GZ','GünZburg','Landkreis Günzburg','Bayern'),(957,55,'H','Hannover','Region Hannover','Niedersachsen'),(958,55,'HA','HAgen','Stadt Hagen','Nordrhein-Westfalen'),(959,55,'HAB','HAmmelBurg','Landkreis Bad Kissingen','Bayern'),(960,55,'HAL','HALle','Stadt Halle (Saale)','Sachsen-Anhalt'),(961,55,'HAM','HAMm','Stadt Hamm','Nordrhein-Westfalen'),(962,55,'HAS','HASsfurt','Landkreis Haßberge','Bayern'),(963,55,'HB','Hansestadt Bremen','Stadt Bremen, Senat und Bürgerschaft, Stadt Bremerhaven (A–Z 1000–9999)','Bremen'),(964,55,'HBN','HildBurghauseN','Landkreis Hildburghausen','Thüringen'),(965,55,'HBS','HalBerStadt','Landkreis Harz','Sachsen-Anhalt'),(966,55,'HC','HainiChen','Landkreis Mittelsachsen','Sachsen'),(967,55,'HCH','HeCHingen','Zollernalbkreis, Landkreis Freudenstadt (YQ, QY, YV, VY und ZQ 100 bis 999)','Baden-Württemberg'),(968,55,'HD','HeiDelberg','Stadt Heidelberg, Rhein-Neckar-Kreis (AA–ZZ 100–9999)','Baden-Württemberg'),(969,55,'HDH','HeiDenHeim','Landkreis Heidenheim','Baden-Württemberg'),(970,55,'HDL','HalDensLeben','Landkreis Börde','Sachsen-Anhalt'),(971,55,'HE','HElmstedt','Landkreis Helmstedt','Niedersachsen'),(972,55,'HEB','HErsBruck','Landkreis Nürnberger Land','Bayern'),(973,55,'HEF','HErsFeld','Landkreis Hersfeld-Rotenburg','Hessen'),(974,55,'HEI','HEIde','Kreis Dithmarschen','Schleswig-Holstein'),(975,55,'HEL','HEssischer Landtag','Hessen, Landesregierung und Landtag','Hessen'),(976,55,'HER','HERne','Stadt Herne','Nordrhein-Westfalen'),(977,55,'HET','HETtstedt','Landkreis Mansfeld-Südharz','Sachsen-Anhalt'),(978,55,'HF','HerFord','Kreis Herford','Nordrhein-Westfalen'),(979,55,'HG','HomburG','Hochtaunuskreis','Hessen'),(980,55,'HGN','HaGeNow','Landkreis Ludwigslust-Parchim','Mecklenburg-Vorpommern'),(981,55,'HGW','Hansestadt GreifsWald','Stadt Greifswald (große kreisangehörige Stadt im Landkreis Vorpommern-Greifswald)','Mecklenburg-Vorpommern'),(982,55,'HH','Hansestadt Hamburg','Freie und Hansestadt Hamburg, Senat und Bürgerschaft','Hamburg'),(983,55,'HHM','HoHenMölsen','Burgenlandkreis','Sachsen-Anhalt'),(984,55,'HI','HIldesheim','Landkreis Hildesheim','Niedersachsen'),(985,55,'HIG','HeilIGenstadt','Landkreis Eichsfeld','Thüringen'),(986,55,'HIP','HIlPoltstein','Landkreis Roth','Bayern'),(987,55,'HK','HeideKreis','Landkreis Heidekreis','Niedersachsen'),(988,55,'HL','Hansestadt Lübeck','Stadt Lübeck','Schleswig-Holstein'),(989,55,'HM','HaMeln','Landkreis Hameln-Pyrmont','Niedersachsen'),(990,55,'HMÜ','Hann. MÜnden','Landkreis Göttingen ohne die Stadt Göttingen','Niedersachsen'),(991,55,'HN','HeilbronN','Stadt Heilbronn, Landkreis Heilbronn (AA–MZ 100–9999 und NA–ZZ 100–999)','Baden-Württemberg'),(992,55,'HO','HOf','Stadt Hof, Landkreis Hof (AA–ZZ 100–9999)','Bayern'),(993,55,'HOG','HOfGeismar','Landkreis Kassel','Hessen'),(994,55,'HOH','HOfHeim','Landkreis Haßberge','Bayern'),(995,55,'HOL','HOLzminden','Landkreis Holzminden','Niedersachsen'),(996,55,'HOM','HOMburg','Saarpfalz-Kreis ohne die Stadt St. Ingbert','Saarland'),(997,55,'HOR','HORb','Landkreis Freudenstadt','Baden-Württemberg'),(998,55,'HÖS','HÖchStadt','Landkreis Erlangen-Höchstadt','Bayern'),(999,55,'HOT','HOhensTein','Landkreis Zwickau','Sachsen'),(1000,55,'HP','HepPenheim','Kreis Bergstraße','Hessen'),(1001,55,'HR','HombeRg','Schwalm-Eder-Kreis','Hessen'),(1002,55,'HRO','Hansestadt ROstock','Stadt Rostock','Mecklenburg-Vorpommern'),(1003,55,'HS','HeinSberg','Kreis Heinsberg','Nordrhein-Westfalen'),(1004,55,'HSK','HochSauerlandKreis','Hochsauerlandkreis','Nordrhein-Westfalen'),(1005,55,'HST','Hansestadt STralsund','Stadt Stralsund (große kreisangehörige Stadt im Landkreis Vorpommern-Rügen)','Mecklenburg-Vorpommern'),(1006,55,'HU','HanaU','Stadt Hanau (Sonderstatusstadt im Main-Kinzig-Kreis), Main-Kinzig-Kreis (übriges Kreisgebiet)','Hessen'),(1007,55,'HV','HaVelberg','Landkreis Stendal','Sachsen-Anhalt'),(1008,55,'HVL','HaVelLand','Landkreis Havelland','Brandenburg'),(1009,55,'HWI','Hansestadt WIsmar','Stadt Wismar (große kreisangehörige Stadt im Landkreis Nordwestmecklenburg)','Mecklenburg-Vorpommern'),(1010,55,'HX','HöXter','Kreis Höxter','Nordrhein-Westfalen'),(1011,55,'HY','HoYerswerda','Landkreis Bautzen','Sachsen'),(1012,55,'HZ','HarZ','Landkreis Harz','Sachsen-Anhalt'),(1013,55,'IGB','InGBert','Stadt St. Ingbert (Mittelstadt im Saarpfalz-Kreis)','Saarland'),(1014,55,'IK','Ilm-Kreis','Ilm-Kreis','Thüringen'),(1015,55,'IL','ILmenau','Ilm-Kreis','Thüringen'),(1016,55,'ILL','ILLertissen','Landkreis Neu-Ulm','Bayern'),(1017,55,'IN','INgolstadt','Stadt Ingolstadt','Bayern'),(1018,55,'IZ','ItZehoe','Kreis Steinburg','Schleswig-Holstein'),(1019,55,'J','Jena','Stadt Jena','Thüringen'),(1020,55,'JE','JEssen','Landkreis Wittenberg','Sachsen-Anhalt'),(1021,55,'JL','Jerichower Land','Landkreis Jerichower Land','Sachsen-Anhalt'),(1022,55,'JÜL','JÜLich','Kreis Düren','Nordrhein-Westfalen'),(1023,55,'K','Köln','Stadt Köln','Nordrhein-Westfalen'),(1024,55,'KA','KArlsruhe','Landkreis Karlsruhe, Stadt Karlsruhe (AA–MZ 100–999 und NA–ZZ 100–9999)','Baden-Württemberg'),(1025,55,'KB','KorBach','Landkreis Waldeck-Frankenberg','Hessen'),(1026,55,'KC','KronaCh','Landkreis Kronach','Bayern'),(1027,55,'KE','KEmpten','Stadt Kempten (Allgäu)','Bayern'),(1028,55,'KEH','KElHeim','Landkreis Kelheim','Bayern'),(1029,55,'KEL','KEhL','Ortenaukreis','Baden-Württemberg'),(1030,55,'KEM','KEMnath','Landkreis Tirschenreuth, Landkreis Bayreuth (AT, BT, CT, DT, ... YT und ZT 1–99)','Bayern'),(1031,55,'KF','KauFbeuren','Stadt Kaufbeuren','Bayern'),(1032,55,'KG','KissinGen','Landkreis Bad Kissingen','Bayern'),(1033,55,'KH','KreuznacH','Landkreis Bad Kreuznach','Rheinland-Pfalz'),(1034,55,'KI','KIel','Stadt Kiel','Schleswig-Holstein'),(1035,55,'KIB','KIrchheimBolanden','Donnersbergkreis','Rheinland-Pfalz'),(1036,55,'KK','Kempen, Krefeld','Kreis Viersen','Nordrhein-Westfalen'),(1037,55,'KL','KaisersLautern','Stadt Kaiserslautern, Landkreis Kaiserslautern (AA–ZZ 100–999)','Rheinland-Pfalz'),(1038,55,'KLE','KLEve','Kreis Kleve','Nordrhein-Westfalen'),(1039,55,'KLZ','KLötZe','Altmarkkreis Salzwedel','Sachsen-Anhalt'),(1040,55,'KM','KaMenz','Landkreis Bautzen','Sachsen'),(1041,55,'KN','KoNstanz','Landkreis Konstanz ohne die Gemeinde Büsingen am Hochrhein','Baden-Württemberg'),(1042,55,'KO','KOblenz','Stadt Koblenz','Rheinland-Pfalz'),(1043,55,'KÖN','KÖNigshofen','Landkreis Rhön-Grabfeld','Bayern'),(1044,55,'KÖT','KÖThen','Landkreis Anhalt-Bitterfeld','Sachsen-Anhalt'),(1045,55,'KÖZ','KÖtZting','Landkreis Cham','Bayern'),(1046,55,'KR','KRefeld','Stadt Krefeld','Nordrhein-Westfalen'),(1047,55,'KRU','KRUmbach','Landkreis Günzburg','Bayern'),(1048,55,'KS','KasSel','Landkreis Kassel und Stadt Kassel','Hessen'),(1049,55,'KT','KiTzingen','Landkreis Kitzingen','Bayern'),(1050,55,'KU','KUlmbach','Landkreis Kulmbach','Bayern'),(1051,55,'KÜN','KÜNzelsau','Hohenlohekreis','Baden-Württemberg'),(1052,55,'KUS','KUSel','Landkreis Kusel','Rheinland-Pfalz'),(1053,55,'KW','Königs Wusterhausen','Landkreis Dahme-Spreewald','Brandenburg'),(1054,55,'KY','KYritz','Landkreis Ostprignitz-Ruppin','Brandenburg'),(1055,55,'KYF','KYFfhäuser','Kyffhäuserkreis','Thüringen'),(1056,55,'L','Leipzig','Sachsen','Stadt Leipzig (A–T und AA–TZ), Landkreis Leipzig (U–Z und UA–ZZ)'),(1057,55,'LA','LAndshut','Stadt Landshut, Landkreis Landshut (AA–ZZ 100–999 und 5000–9999)','Bayern'),(1058,55,'LAN','LANdau','Landkreis Dingolfing-Landau','Bayern'),(1059,55,'LAU','LAUf','Landkreis Nürnberger Land','Bayern'),(1060,55,'LB','LudwigsBurg','Landkreis Ludwigsburg','Baden-Württemberg'),(1061,55,'LBS','LoBenStein','Saale-Orla-Kreis','Thüringen'),(1062,55,'LBZ','LüBZ','Landkreis Ludwigslust-Parchim','Mecklenburg-Vorpommern'),(1063,55,'LC','LuCkau','Landkreis Dahme-Spreewald','Brandenburg'),(1064,55,'LD','LanDau','Stadt Landau in der Pfalz','Rheinland-Pfalz'),(1065,55,'LDK','Lahn-Dill-Kreis','Lahn-Dill-Kreis ohne die Stadt Wetzlar','Hessen'),(1066,55,'LDS','Landkreis Dahme-Spreewald','Landkreis Dahme-Spreewald','Brandenburg'),(1067,55,'LEO','LEOnberg','Landkreis Böblingen','Baden-Württemberg'),(1068,55,'LER','LEeR','Landkreis Leer','Niedersachsen'),(1069,55,'LEV','LEVerkusen','Stadt Leverkusen','Nordrhein-Westfalen'),(1070,55,'LF','LauFen','Landkreis Berchtesgadener Land, Landkreis Altötting (C 1–999, E 1–500, I, J, M, O, Q und V 1–999), Landkreis Traunstein (B, F und G 1–999, DH 1–100, FZ, GH und KQ 1–999, LU 1–200, RW 1–999, TK 1–100, TS 1–999, VW 200–400 sowie WW, XX und ZZ 1–999)','Bayern'),(1071,55,'LG','LüneburG','Landkreis Lüneburg','Niedersachsen'),(1072,55,'LH','LüdingHausen','Kreis Coesfeld, Kreis Unna','Nordrhein-Westfalen'),(1073,55,'LI','LIndau','Landkreis Lindau (Bodensee)','Bayern'),(1074,55,'LIB','LIeBenwerda','Landkreis Elbe-Elster','Brandenburg'),(1075,55,'LIF','LIchtenFels','Landkreis Lichtenfels','Bayern'),(1076,55,'LIP','LIPpe','Kreis Lippe','Nordrhein-Westfalen'),(1077,55,'LL','Landsberg am Lech','Landkreis Landsberg am Lech','Bayern'),(1078,55,'LM','LiMburg','Landkreis Limburg-Weilburg','Hessen'),(1079,55,'LN','LübbeN','Landkreis Dahme-Spreewald','Brandenburg'),(1080,55,'LÖ','LÖrrach','Landkreis Lörrach','Baden-Württemberg'),(1081,55,'LÖB','LÖBau','Landkreis Görlitz','Sachsen'),(1082,55,'LOS','Landkreis Oder-Spre','Landkreis Oder-Spree','Brandenburg'),(1083,55,'LP','LiPpstadt','Kreis Soest','Nordrhein-Westfalen'),(1084,55,'LR','LahR','Ortenaukreis','Baden-Württemberg'),(1085,55,'LRO','Landkreis ROstock','Landkreis Rostock','Mecklenburg-Vorpommern'),(1086,55,'LSA','Land Sachsen-Anhalt','Sachsen-Anhalt, Landesregierung, Landtag und Polizei','Sachsen-Anhalt'),(1087,55,'LSN','Landtag SachseN','Sachsen, Landesregierung und Landtag','Sachsen'),(1088,55,'LSZ','LangenSalZa','Unstrut-Hainich-Kreis','Thüringen'),(1089,55,'LU','LUdwigshafen','Stadt Ludwigshafen am Rhein','Rheinland-Pfalz'),(1090,55,'LÜN','LÜNen','Kreis Unna','Nordrhein-Westfalen'),(1091,55,'LUP','LUdwigslust, Parchim','Landkreis Ludwigslust-Parchim','Mecklenburg-Vorpommern'),(1092,55,'LWL','LudWigsLust','Landkreis Ludwigslust-Parchim','Mecklenburg-Vorpommern'),(1093,55,'M','München','Landkreis München, Stadt München (AA–ZZ 100–9999)','Bayern'),(1094,55,'MA','MAnnheim','Stadt Mannheim','Baden-Württemberg'),(1095,55,'MAB','MArienBerg','Erzgebirgskreis','Sachsen'),(1096,55,'MAI','MAInburg','Landkreis Kelheim, Landkreis Landshut (B, F, G, I, O und Q 1–9999)','Bayern'),(1097,55,'MAK','MArKtredwitz','Landkreis Wunsiedel im Fichtelgebirge','Bayern'),(1098,55,'MAL','MALlersdorf','Landkreis Landshut (B, F, G, I, O und Q 1–9999)','Bayern'),(1099,55,'MB','MiesBach','Landkreis Miesbach','Bayern'),(1100,55,'MC','MalChin','Landkreis Mecklenburgische Seenplatte ohne die Stadt Neubrandenburg','Mecklenburg-Vorpommern'),(1101,55,'MD','MagDeburg','Stadt Magdeburg','Sachsen-Anhalt'),(1102,55,'ME','MEttmann','Kreis Mettmann','Nordrhein-Westfalen'),(1103,55,'MED','MElDorf','Kreis Dithmarschen','Schleswig-Holstein'),(1104,55,'MEG','MElsunGen','Schwalm-Eder-Kreis','Hessen'),(1105,55,'MEI','MEIßen','Landkreis Meißen','Sachsen'),(1106,55,'MEK','Mittlerer ErzgebirgsKreis','Erzgebirgskreis','Sachsen'),(1107,55,'MEL','MELle','Landkreis Osnabrück','Niedersachsen'),(1108,55,'MER','MERseburg','Saalekreis','Sachsen-Anhalt'),(1109,55,'MET','MEllrichstadT','Landkreis Rhön-Grabfeld','Bayern'),(1110,55,'MG','MönchenGladbach','Stadt Mönchengladbach','Nordrhein-Westfalen'),(1111,55,'MGH','MerGentHeim','Main-Tauber-Kreis','Baden-Württemberg'),(1112,55,'MGN','MeininGeN','Landkreis Schmalkalden-Meiningen','Thüringen'),(1113,55,'MH','MülHeim','Stadt Mülheim an der Ruhr','Nordrhein-Westfalen'),(1114,55,'MHL','MüHLhausen','Unstrut-Hainich-Kreis','Thüringen'),(1115,55,'MI','MInden','Kreis Minden-Lübbecke','Nordrhein-Westfalen'),(1116,55,'MIL','MILtenberg','Landkreis Miltenberg','Bayern'),(1117,55,'MK','Märkischer Kreis','Märkischer Kreis','Nordrhein-Westfalen'),(1118,55,'MKK','Main-Kinzig-Kreis','Main-Kinzig-Kreis ohne die Stadt Hanau','Hessen'),(1119,55,'ML','Mansfelder Land','Landkreis Mansfeld-Südharz','Sachsen-Anhalt'),(1120,55,'MM','MemMingen','Stadt Memmingen','Bayern'),(1121,55,'MN','MiNdelheim','Landkreis Unterallgäu','Bayern'),(1122,55,'MO','MOers','Kreis Wesel','Nordrhein-Westfalen'),(1123,55,'MOD','MarktOberDorf','Landkreis Ostallgäu','Bayern'),(1124,55,'MOL','Märkisch-OderLand','Landkreis Märkisch-Oderland','Brandenburg'),(1125,55,'MON','MONschau','Städteregion Aachen, Kreis Düren','Nordrhein-Westfalen'),(1126,55,'MOS','MONschau','Neckar-Odenwald-Kreis','Baden-Württemberg'),(1127,55,'MQ','Merseburg, Querfurt','Saalekreis','Sachsen-Anhalt'),(1128,55,'MR','MaRburg','Landkreis Marburg-Biedenkopf','Hessen'),(1129,55,'MS','MünSter','Stadt Münster','Nordrhein-Westfalen'),(1130,55,'MSE','Mecklenburgische SEenplatte','Landkreis Mecklenburgische Seenplatte ohne die Stadt Neubrandenburg','Mecklenburg-Vorpommern'),(1131,55,'MSH','Mansfeld, SüdHarz','Landkreis Mansfeld-Südharz','Sachsen-Anhalt'),(1132,55,'MSP','Main, SPessart','Landkreis Main-Spessart','Bayern'),(1133,55,'MST','Mecklenburg-STrelitz','Landkreis Mecklenburgische Seenplatte ohne die Stadt Neubrandenburg','Mecklenburg-Vorpommern'),(1134,55,'MTK','Main-Taunus-Kreis','Main-Taunus-Kreis','Hessen'),(1135,55,'MTL','MuldenTaL','Landkreis Leipzig','Sachsen'),(1136,55,'MÜ','MÜhldorf','Landkreis Mühldorf am Inn','Bayern'),(1137,55,'MÜB','MÜnchBerg','Landkreis Hof, Landkreis Bayreuth (A–M 100–999 und N–Z 1–99)','Bayern'),(1138,55,'MÜR','MÜRitz','Landkreis Mecklenburgische Seenplatte ohne die Stadt Neubrandenburg','Mecklenburg-Vorpommern'),(1139,55,'MVL','Mecklenburg-Vorpommerscher Landtag','Mecklenburg-Vorpommern, Landesregierung, Landtag und Polizei','Mecklenburg-Vorpommern'),(1140,55,'MW','MittWeida','Landkreis Mittelsachsen','Sachsen'),(1141,55,'MY','MaYen','Landkreis Mayen-Koblenz','Rheinland-Pfalz'),(1142,55,'MYK','MaYen, Koblenz','Landkreis Mayen-Koblenz','Rheinland-Pfalz'),(1143,55,'MZ','MainZ','Landkreis Mainz-Bingen, Stadt Mainz (AA–KY 100–9999 und LA–ZZ 100–999)','Rheinland-Pfalz'),(1144,55,'MZG','MerZiG','Landkreis Merzig-Wadern','Saarland'),(1145,55,'N','Nürnberg','Landkreis Nürnberger Land (A–Z 1–999), Stadt Nürnberg (A–Z 1000–9999 und AA–ZZ 100–9999)','Bayern'),(1146,55,'NAB','NABburg','Landkreis Schwandorf, Landkreis Amberg-Sulzbach (B, F und G 1–999)','Bayern'),(1147,55,'NAI','NAIla','Landkreis Hof','Bayern'),(1148,55,'NAU','NAUen','Landkreis Havelland','Brandenburg'),(1149,55,'NB','NeuBrandenburg','Stadt Neubrandenburg (große kreisangehörige Stadt im Landkreis Mecklenburgische Seenplatte)','Mecklenburg-Vorpommern'),(1150,55,'ND','Neuburg an der Donau','Landkreis Neuburg-Schrobenhausen','Bayern'),(1151,55,'NDH','NorDHausen','Landkreis Nordhausen','Thüringen'),(1152,55,'NE','NEuss','Rhein-Kreis Neuss','Nordrhein-Westfalen'),(1153,55,'NEA','NEustadt an der Aisch','Landkreis Neustadt an der Aisch-Bad Windsheim','Bayern'),(1154,55,'NEB','NEBra','Burgenlandkreis','Sachsen-Anhalt'),(1155,55,'NEC','NEustadt bei Coburg','Stadt Coburg und Landkreis Coburg','Bayern'),(1156,55,'NEN','NEuNburg','Landkreis Schwandorf','Bayern'),(1157,55,'NES','NEustadt an der Saale','Landkreis Rhön-Grabfeld','Bayern'),(1158,55,'NEW','NEustadt an der Waldnaab','Landkreis Neustadt an der Waldnaab','Bayern'),(1159,55,'NF','NordFriesland','Kreis Nordfriesland','Schleswig-Holstein'),(1160,55,'NH','NeuHaus','Landkreis Sonneberg','Thüringen'),(1161,55,'NI','NIenburg','Landkreis Nienburg/Weser','Niedersachsen'),(1162,55,'NK','NeunKirchen','Landkreis Neunkirchen','Saarland'),(1163,55,'NL','Niedersächsischer Landtag','Niedersachsen, Landesregierung und Landtag','Niedersachsen'),(1164,55,'NM','NeuMarkt','Landkreis Neumarkt in der Oberpfalz','Bayern'),(1165,55,'NMB','NauMBurg','Burgenlandkreis','Sachsen-Anhalt'),(1166,55,'NMS','NeuMünSter','Stadt Neumünster','Schleswig-Holstein'),(1167,55,'NÖ','NÖrdlingen','Landkreis Donau-Ries','Bayern'),(1168,55,'NOH','NOrdHorn','Landkreis Grafschaft Bentheim','Niedersachsen'),(1169,55,'NOL','Niederschlesische OberLausitz','Landkreis Görlitz','Sachsen'),(1170,55,'NOM','NOrtheiM','Landkreis Northeim','Niedersachsen'),(1171,55,'NOR','NORden','Landkreis Aurich','Niedersachsen'),(1172,55,'NP','NeurupPin','Landkreis Ostprignitz-Ruppin','Brandenburg'),(1173,55,'NR','Neuwied am Rhein','Landkreis Neuwied','Rheinland-Pfalz'),(1174,55,'NRW','NordRhein-Westfalen','Nordrhein-Westfalen, Landesregierung, Landtag und Polizei','Nordrhein-Westfalen'),(1175,55,'NT','NürTingen','Landkreis Esslingen','Baden-Württemberg'),(1176,55,'NU','Neu-Ulm','Landkreis Neu-Ulm','Bayern'),(1177,55,'NVP','NordVorPommern','Landkreis Vorpommern-Rügen ohne die Stadt Stralsund','Mecklenburg-Vorpommern'),(1178,55,'NW','Neustadt an der Weinstraße','Stadt Neustadt an der Weinstraße','Rheinland-Pfalz'),(1179,55,'NWM','NordWestMecklenburg','Landkreis Nordwestmecklenburg ohne die Stadt Wismar','Mecklenburg-Vorpommern'),(1180,55,'NY','NieskY','Landkreis Görlitz','Sachsen'),(1181,55,'NZ','NeustrelitZ','Landkreis Mecklenburgische Seenplatte ohne die Stadt Neubrandenburg','Mecklenburg-Vorpommern'),(1182,55,'OA','OberAllgäu','Landkreis Oberallgäu,','Bayern'),(1183,55,'OAL','OstALlgäu','Landkreis Ostallgäu','Bayern'),(1184,55,'OB','OBerhausen','Stadt Oberhausen','Nordrhein-Westfalen'),(1185,55,'OBB','OBernBurg','Landkreis Miltenberg','Bayern'),(1186,55,'OBG','OsterBurG','Landkreis Stendal','Sachsen-Anhalt'),(1187,55,'OC','OsChersleben','Landkreis Börde','Sachsen-Anhalt'),(1188,55,'OCH','OCHsenfurt','Landkreis Würzburg','Bayern'),(1189,55,'OD','OlDesloe','Kreis Stormarn','Schleswig-Holstein'),(1190,55,'OE','OlpE','Kreis Olpe','Nordrhein-Westfalen'),(1191,55,'OF','OFfenbach','Landkreis Offenbach und Stadt Offenbach am Main','Hessen'),(1192,55,'OG','OffenburG','Ortenaukreis','Baden-Württemberg'),(1193,55,'OH','OstHolstein','Kreis Ostholstein','Schleswig-Holstein'),(1194,55,'OHA','Osterode am HArz','Landkreis Göttingen','Niedersachsen'),(1195,55,'ÖHR','ÖHRingen','Hohenlohekreis','Baden-Württemberg'),(1196,55,'OHV','OberHaVel','Landkreis Oberhavel','Brandenburg'),(1197,55,'OHZ','OsterHolZ','Landkreis Osterholz','Niedersachsen'),(1198,55,'OK','OhreKreis','Landkreis Börde','Sachsen-Anhalt'),(1199,55,'OL','OLdenburg','Landkreis Oldenburg, Stadt Oldenburg (AA–ZZ 100–999)','Niedersachsen'),(1200,55,'OP','OPladen','Stadt Leverkusen','Nordrhein-Westfalen'),(1201,55,'OPR','OstPrignitz, Ruppin','Landkreis Ostprignitz-Ruppin','Brandenburg'),(1202,55,'OS','OSnabrück','Stadt Osnabrück, Landkreis Osnabrück (AA–ZZ 100–999)','Niedersachsen'),(1203,55,'OSL','OberSpreewald, Lausitz','Landkreis Oberspreewald-Lausitz','Brandenburg'),(1204,55,'OTW','OTtWeiler','Landkreis Ottweiler','Saarland'),(1205,55,'OVI','OberVIechtach','Landkreis Schwandorf','Bayern'),(1206,55,'OVL','OberVogtLand','Vogtlandkreis','Sachsen'),(1207,55,'OVP','OstVorPommern','Landkreis Ostvorpommern','Mecklenburg-Vorpommern'),(1208,55,'OZ','OschatZ','Landkreis Nordsachsen','Sachsen'),(1209,55,'P','Potsdam','Stadt Potsdam','Brandenburg'),(1210,55,'PA','PAssau','Stadt Passau (A–Z 1–9999), Landkreis Passau (AA–ZZ 1–999)','Bayern'),(1211,55,'PAF','PfAFfenhofen','Landkreis Pfaffenhofen an der Ilm','Bayern'),(1212,55,'PAN','PfArrkircheN','Landkreis Rottal-Inn','Bayern'),(1213,55,'PAR','PARsberg','Landkreis Neumarkt in der Oberpfalz, Landkreis Kelheim (Q, Y, BB und CC 1–999)','Bayern'),(1214,55,'PB','PaderBorn','Kreis Paderborn','Nordrhein-Westfalen'),(1215,55,'PCH','ParCHim','Landkreis Ludwigslust-Parchim','Mecklenburg-Vorpommern'),(1216,55,'PE','PEine','Landkreis Peine','Niedersachsen'),(1217,55,'PEG','PEGnitz','Landkreis Forchheim, Landkreis Nürnberger Land (A 1–999), Landkreis Bayreuth (B–Z 1–999)','Bayern'),(1218,55,'PF','PForzheim','Enzkreis, Stadt Pforzheim (AA–MZ 100–999 und NA–ZZ 100–9999)','Baden-Württemberg'),(1219,55,'PI','PInneberg','Kreis Pinneberg','Schleswig-Holstein'),(1220,55,'PIR','PIRna','Landkreis Sächsische Schweiz-Osterzgebirge','Sachsen'),(1221,55,'PL','PLauen','Vogtlandkreis','Sachsen'),(1222,55,'PLÖ','PLÖn','Kreis Plön','Schleswig-Holstein'),(1223,55,'PM','Potsdam, Mittelmark','Landkreis Potsdam-Mittelmark','Brandenburg'),(1224,55,'PN','PößNeck','Saale-Orla-Kreis','Thüringen'),(1225,55,'PR','PRignitz','Landkreis Prignitz','Brandenburg'),(1226,55,'PRÜ','PRÜm','Eifelkreis Bitburg-Prüm','Rheinland-Pfalz'),(1227,55,'PS','PirmaSens','Stadt Pirmasens (A–Z 1–9999), Landkreis Südwestpfalz (AA–ZZ 1–999)','Rheinland-Pfalz'),(1228,55,'PW','PaseWalk','Landkreis Vorpommern-Greifswald ohne die Stadt Greifswald','Mecklenburg-Vorpommern'),(1229,55,'PZ','PrenZlau','Landkreis Uckermark','Brandenburg'),(1230,55,'QFT','QuerFurT','Saalekreis','Sachsen-Anhalt'),(1231,55,'QLB','QuedLinBurg','Landkreis Harz','Sachsen-Anhalt'),(1232,55,'R','Regensburg','Landkreis Regensburg, Stadt Regensburg (AA–MM 1–999 und MN–ZZ 1000–9999)','Bayern'),(1233,55,'RA','Württemberg','Landkreis Rastatt','Baden-Württemberg'),(1234,55,'RC','ReiChenbach','Vogtlandkreis','Sachsen'),(1235,55,'RD','RenDsburg','Kreis Rendsburg-Eckernförde','Schleswig-Holstein'),(1236,55,'RDG','Ribnitz-DamGarten','Landkreis Vorpommern-Rügen ohne die Stadt Stralsund','Mecklenburg-Vorpommern'),(1237,55,'RE','REcklinghausen','Kreis Recklinghausen','Nordrhein-Westfalen'),(1238,55,'REG','REGen','Landkreis Regen','Bayern'),(1239,55,'REH','REHau','Landkreis Hof, Landkreis Wunsiedel im Fichtelgebirge (A, E, F, H, J, M, N, P, R, S, V und X 1–999, AA, FF, GG, OO und ZZ 100–999 sowie AU 900–999)','Bayern'),(1240,55,'REI','REIchenhall','Landkreis Berchtesgadener Land','Bayern'),(1241,55,'RG','Riesa, Großenhain','Landkreis Meißen','Sachsen'),(1242,55,'RH','RotH','Landkreis Roth','Bayern'),(1243,55,'RI','RInteln','Landkreis Schaumburg','Niedersachsen'),(1244,55,'RID','RIeDenburg','Landkreis Kelheim','Bayern'),(1245,55,'RIE','RIEsa','Landkreis Meißen','Sachsen'),(1246,55,'RL','RochLitz','Landkreis Mittelsachsen','Sachsen'),(1247,55,'RM','Röbel/Müritz','Landkreis Mecklenburgische Seenplatte ohne die Stadt Neubrandenburg','Mecklenburg-Vorpommern'),(1248,55,'RN','RatheNow','Landkreis Havelland','Brandenburg'),(1249,55,'RO','ROsenheim','Stadt Rosenheim, Landkreis Rosenheim (AA–ZZ 100–9999)','Bayern'),(1250,55,'ROD','RODing','Landkreis Cham, Landkreis Schwandorf (B 1–500, F 1–700, G 50–400 und I 100–1000)','Bayern'),(1251,55,'ROF','ROtenburg an der Fulda','Landkreis Hersfeld-Rotenburg','Hessen'),(1252,55,'ROK','ROcKenhausen','Donnersbergkreis','Rheinland-Pfalz'),(1253,55,'ROL','ROttenburg an der Laaber','Landkreis Landshut , Landkreis Kelheim (A bis Z)','Bayern'),(1254,55,'ROS','ROStock','Landkreis Rostock','Mecklenburg-Vorpommern'),(1255,55,'ROT','ROthenburg ob der Tauber','Landkreis Ansbach','Bayern'),(1256,55,'ROW','ROtenburg (Wümme)','Landkreis Rotenburg (Wümme)','Niedersachsen'),(1257,55,'RP','Rhein-Pfalz','Rhein-Pfalz-Kreis','Rheinland-Pfalz'),(1258,55,'RPL','Rheinland-Pfälzischer Landtag','Rheinland-Pfalz, Landesregierung, Landtag und Polizei','Rheinland-Pfalz'),(1259,55,'RS','RemScheid','Stadt Remscheid','Nordrhein-Westfalen'),(1260,55,'RSL','RosSLau','Stadt Dessau-Roßlau','Sachsen-Anhalt'),(1261,55,'RT','ReuTlingen','Landkreis Reutlingen','Baden-Württemberg'),(1262,55,'RU','RUdolstadt','Landkreis Saalfeld-Rudolstadt','Thüringen'),(1263,55,'RÜD','RÜDesheim','Rheingau-Taunus-Kreis','Hessen'),(1264,55,'RÜG','RÜGen','Landkreis Vorpommern-Rügen','Mecklenburg-Vorpommern'),(1265,55,'RV','RaVensburg','Landkreis Ravensburg','Baden-Württemberg'),(1266,55,'RW','RottWeil','Landkreis Rottweil','Baden-Württemberg'),(1267,55,'RZ','RatZeburg','Kreis Herzogtum Lauenburg','Schleswig-Holstein'),(1268,55,'S','Stuttgart','Stadt Stuttgart','Baden-Württemberg'),(1269,55,'SAB','SAarBurg','Landkreis Trier-Saarburg','Rheinland-Pfalz'),(1270,55,'SAD','SchwAnDorf','Landkreis Schwandorf','Bayern'),(1271,55,'SAL','SAarländischer Landtag','Saarland, Landesregierung, Landtag und Polizei','Saarland'),(1272,55,'SAN','StAdtsteiNach','Landkreis Hof (W–Z 1–999), Landkreis Kulmbach (A–R 1–9999 und JA–ZZ 1–999), Landkreis Kronach (S–V 1–9999 und AA–IZ 1–999)','Bayern'),(1273,55,'SAW','SAlzWedel','Altmarkkreis Salzwedel','Sachsen-Anhalt'),(1274,55,'SÄK','SÄcKingen','Landkreis Säckingen','Baden-Württemberg'),(1275,55,'SB','SaarBrücken','Regionalverband Saarbrücken ohne die Stadt Völklingen','Saarland'),(1276,55,'SBG','StrasBurG','Landkreis Vorpommern-Greifswald','Mecklenburg-Vorpommern'),(1277,55,'SBK','SchöneBecK','Salzlandkreis','Sachsen-Anhalt'),(1278,55,'SC','SChwabach','Stadt Schwabach','Bayern'),(1279,55,'SCZ','SChleiZ','Saale-Orla-Kreis','Thüringen'),(1280,55,'SDH','SonDersHausen','Kyffhäuserkreis','Thüringen'),(1281,55,'SDL','StenDaL','Landkreis Stendal','Sachsen-Anhalt'),(1282,55,'SDT','SchweDT','Landkreis Uckermark','Brandenburg'),(1283,55,'SE','SEgeberg','Kreis Segeberg','Schleswig-Holstein'),(1284,55,'SEB','SEBnitz','Landkreis Sächsische Schweiz-Osterzgebirge','Sachsen'),(1285,55,'SEE','SEElow','Landkreis Märkisch-Oderland','Brandenburg'),(1286,55,'SEF','SchEinFeld','Landkreis Neustadt an der Aisch-Bad Windsheim','Bayern'),(1287,55,'SEL','SELb','Landkreis Wunsiedel im Fichtelgebirge','Bayern'),(1288,55,'SFB','SenFtenBerg','Landkreis Oberspreewald-Lausitz','Brandenburg'),(1289,55,'SFT','StaßFurT','Salzlandkreis','Sachsen-Anhalt'),(1290,55,'SG','SolinGen','Stadt Solingen','Nordrhein-Westfalen'),(1291,55,'SGH','SanGerHausen','Landkreis Mansfeld-Südharz','Sachsen-Anhalt'),(1292,55,'SH','Schleswig-Holstein','Schleswig-Holstein, Landesregierung, Landtag und Polizei','Schleswig-Holstein'),(1293,55,'SHA','Schwäbisch HAll','Landkreis Schwäbisch Hall','Baden-Württemberg'),(1294,55,'SHG','StadtHaGen','Landkreis Schaumburg','Niedersachsen'),(1295,55,'SHK','Saale-Holzland-Kreis','Saale-Holzland-Kreis','Thüringen'),(1296,55,'SHL','SuHL','Stadt Suhl','Thüringen'),(1297,55,'SI','SIegen','Kreis Siegen-Wittgenstein','Nordrhein-Westfalen'),(1298,55,'SIG','SIGmaringen','Landkreis Sigmaringen','Baden-Württemberg'),(1299,55,'SIH','aus dem Film \"Hanne\"','fiktiver Ort','Filmproduktion'),(1300,55,'SIM','SIMmern','Rhein-Hunsrück-Kreis','Rheinland-Pfalz'),(1301,55,'SK','SaaleKreis','Saalekreis','Sachsen-Anhalt'),(1302,55,'SL','SchLeswig','Kreis Schleswig-Flensburg','Schleswig-Holstein'),(1303,55,'SLE','SchLEiden','Kreis Düren, Kreis Euskirchen','Nordrhein-Westfalen'),(1304,55,'SLF','SaaLFeld','Landkreis Saalfeld-Rudolstadt','Thüringen'),(1305,55,'SLG','SauLGau','Landkreis Saulgau','Baden-Württemberg'),(1306,55,'SLK','SalzLandKreis','Salzlandkreis','Sachsen-Anhalt'),(1307,55,'SLN','SchmölLN','Landkreis Altenburger Land','Thüringen'),(1308,55,'SLS','SaarLouiS','Landkreis Saarlouis','Saarland'),(1309,55,'SLÜ','SchLÜchtern','Main-Kinzig-Kreis ohne die Stadt Hanau','Hessen'),(1310,55,'SLZ','SaLZungen','Wartburgkreis','Thüringen'),(1311,55,'SM','SchMalkalden','Landkreis Schmalkalden-Meiningen','Thüringen'),(1312,55,'SMÜ','SchwabMÜnchen','Landkreis Augsburg','Bayern'),(1313,55,'SN','SchweriN','Stadt Schwerin','Mecklenburg-Vorpommern'),(1314,55,'SO','SOest','Kreis Soest','Nordrhein-Westfalen'),(1315,55,'SOB','SchrOBenhausen','Landkreis Neuburg-Schrobenhausen','Bayern'),(1316,55,'SOG','SchOnGau','Landkreis Weilheim-Schongau','Bayern'),(1317,55,'SOK','Saale-Orla-Kreis','Saale-Orla-Kreis','Thüringen'),(1318,55,'SÖM','SÖMmerda','Landkreis Sömmerda','Thüringen'),(1319,55,'SON','SONneberg','Landkreis Sonneberg','Thüringen'),(1320,55,'SP','SPeyer','Stadt Speyer','Rheinland-Pfalz'),(1321,55,'SPB','SPremBerg','Landkreis Spree-Neiße','Brandenburg'),(1322,55,'SPN','SPree, Neiße','Landkreis Spree-Neiße','Brandenburg'),(1323,55,'SR','StRaubing','Stadt Straubing (A–Z 1–9999), Landkreis Straubing-Bogen (AA–ZZ 1–999)','Bayern'),(1324,55,'SRB','StRausBerg','Landkreis Märkisch-Oderland','Brandenburg'),(1325,55,'SRO','StadtROda','Saale-Holzland-Kreis','Thüringen'),(1326,55,'ST','STeinfurt','Kreis Steinfurt','Nordrhein-Westfalen'),(1327,55,'STA','STArnberg','Landkreis Starnberg','Bayern'),(1328,55,'STB','STernBerg','Landkreis Ludwigslust-Parchim','Mecklenburg-Vorpommern'),(1329,55,'STD','STaDe','Landkreis Stade','Niedersachsen'),(1330,55,'STE','STaffelstEin','Landkreis Lichtenfels','Bayern'),(1331,55,'STL','STolLberg','Erzgebirgskreis','Sachsen'),(1332,55,'STO','STOckach','Landkreis Stockach','Baden-Württemberg'),(1333,55,'SU','SiegbUrg','Rhein-Sieg-Kreis','Nordrhein-Westfalen'),(1334,55,'SUL','SULzbach','Landkreis Amberg-Sulzbach','Bayern'),(1335,55,'SÜW','SÜdliche Weinstraße','Landkreis Südliche Weinstraße','Rheinland-Pfalz'),(1336,55,'SW','SchWeinfurt','Stadt Schweinfurt, Landkreis Schweinfurt (AA–ZZ 100–9999)','Bayern'),(1337,55,'SWA','SchWAlbach','Rheingau-Taunus-Kreis','Hessen'),(1338,55,'SY','SYke','Landkreis Diepholz','Niedersachsen'),(1339,55,'SZ','SalZgitter','Stadt Salzgitter','Niedersachsen'),(1340,55,'SZB','SchwarZenBerg','Erzgebirgskreis','Sachsen'),(1341,55,'TBB','TauBerBischofsheim','Main-Tauber-Kreis','Baden-Württemberg'),(1342,55,'TDO','Torgau, Delitzsch, Oschatz','Landkreis Nordsachsen','Sachsen'),(1343,55,'TE','TEcklenburg','Kreis Steinfurt','Nordrhein-Westfalen'),(1344,55,'TET','TETerow','Landkreis Rostock','Mecklenburg-Vorpommern'),(1345,55,'TF','Teltow, Fläming','Landkreis Teltow-Fläming','Brandenburg'),(1346,55,'TG','TorGau','Landkreis Nordsachsen','Sachsen'),(1347,55,'THL','THüringer Landtag','Thüringen, Landesregierung und Landtag','Thüringen'),(1348,55,'THW','Technisches HilfsWerk','Bundesanstalt Technisches Hilfswerk','bundesweit'),(1349,55,'TIR','TIRschenreuth','Landkreis Tirschenreuth','Bayern'),(1350,55,'TO','Torgau, Oschatz','Landkreis Nordsachsen','Sachsen'),(1351,55,'TÖL','TÖLz','Landkreis Bad Tölz-Wolfratshausen','Bayern'),(1352,55,'TP','TemPlin','Landkreis Uckermark','Brandenburg'),(1353,55,'TR','TRier','Landkreis Trier-Saarburg und Stadt Trier','Rheinland-Pfalz'),(1354,55,'TS','TraunStein','Landkreis Traunstein','Bayern'),(1355,55,'TT','TeTtnang','Bodenseekreis','Baden-Württemberg'),(1356,55,'TÜ','TÜbingen','Landkreis Tübingen','Baden-Württemberg'),(1357,55,'TUT','TUTtlingen','Landkreis Tuttlingen','Baden-Württemberg'),(1358,55,'UE','UElzen','Landkreis Uelzen','Niedersachsen'),(1359,55,'UEM','UEckerMünde','Landkreis Vorpommern-Greifswald ohne die Stadt Greifswald','Mecklenburg-Vorpommern'),(1360,55,'UFF','UFFenheim','Landkreis Neustadt an der Aisch-Bad Windsheim','Bayern'),(1361,55,'UH','Unstrut, Hainich','Unstrut-Hainich-Kreis','Thüringen'),(1362,55,'UL','ULm','Stadt Ulm, Alb-Donau-Kreis (AA–MZ 100–999 und NA–ZZ 100–9999)','Baden-Württemberg'),(1363,55,'UM','UckerMark','Landkreis Uckermark','Brandenburg'),(1364,55,'UN','UNna','Kreis Unna','Nordrhein-Westfalen'),(1365,55,'USI','USIngen','Hochtaunuskreis','Hessen'),(1366,55,'ÜB','ÜBerlingen','Bodenseekreis, Landkreis Ravensburg','Baden-Württemberg'),(1367,55,'V','Vogtland','Vogtlandkreis','Sachsen'),(1368,55,'VAI','VAIhingen','Landkreis Ludwigsburg','Baden-Württemberg'),(1369,55,'VB','VogelsBerg','Vogelsbergkreis','Hessen'),(1370,55,'VEC','VEChta','Landkreis Vechta','Niedersachsen'),(1371,55,'VER','VERden','Landkreis Verden','Niedersachsen'),(1372,55,'VG','Vorpommern, Greifswald','Landkreis Vorpommern-Greifswald ohne die Stadt Greifswald','Mecklenburg-Vorpommern'),(1373,55,'VIB','VIlsBiburg','Landkreis Landshut, Landkreis Rottal-Inn (B, I, O und Q 100–999)','Bayern'),(1374,55,'VIE','VIErsen','Kreis Viersen','Nordrhein-Westfalen'),(1375,55,'VIT','VIechTach','Landkreis Regen','Bayern'),(1376,55,'VK','VölKlingen','Stadt Völklingen (Mittelstadt im Regionalverband Saarbrücken)','Saarland'),(1377,55,'VOH','VOHenstrauß','Landkreis Neustadt an der Waldnaab','Bayern'),(1378,55,'VR','Vorpommern, Rügen','Landkreis Vorpommern-Rügen ohne die Stadt Stralsund','Mecklenburg-Vorpommern'),(1379,55,'VS','Villingen-Schwenningen','Schwarzwald-Baar-Kreis','Baden-Württemberg'),(1380,55,'W','Wuppertal','Stadt Wuppertal','Nordrhein-Westfalen'),(1381,55,'WA','WAldeck','Landkreis Waldeck-Frankenberg','Hessen'),(1382,55,'WAF','WArendorF','Kreis Warendorf','Nordrhein-Westfalen'),(1383,55,'WAK','WArtburgKreis','Wartburgkreis','Thüringen'),(1384,55,'WAN','WANne','Stadt Herne','Nordrhein-Westfalen'),(1385,55,'WAT','WATtenscheid','Stadt Bochum','Nordrhein-Westfalen'),(1386,55,'WB','WittenBerg','Landkreis Wittenberg','Sachsen-Anhalt'),(1387,55,'WBS','WorBiS','Landkreis Eichsfeld','Thüringen'),(1388,55,'WDA','WerDAu','Landkreis Zwickau','Sachsen'),(1389,55,'WE','WEimar','Stadt Weimar','Thüringen'),(1390,55,'WEL','WEiLburg','Landkreis Limburg-Weilburg','Hessen'),(1391,55,'WEN','WEideN','Stadt Weiden in der Oberpfalz','Bayern'),(1392,55,'WER','WERtingen','Landkreis Dillingen an der Donau, Landkreis Augsburg (A–Z 7000–9999 und YA–YZ 1–999)','Bayern'),(1393,55,'WES','WESel','Kreis Wesel','Nordrhein-Westfalen'),(1394,55,'WF','WolFenbüttel','Landkreis Wolfenbüttel','Niedersachsen'),(1395,55,'WG','WanGen','Landkreis Ravensburg','Baden-Württemberg'),(1396,55,'WHV','WilhelmsHaVen','Stadt Wilhelmshaven','Niedersachsen'),(1397,55,'WI','WIesbaden','Stadt Wiesbaden','Hessen'),(1398,55,'WIL','WIttLich','Landkreis Bernkastel-Wittlich','Rheinland-Pfalz'),(1399,55,'WIN','aus der Serie \"Dark\"','Winden (fiktiver Ort)','Filmproduktion'),(1400,55,'WIS','WISmar','Landkreis Nordwestmecklenburg','Mecklenburg-Vorpommern'),(1401,55,'WIT','WITten','Ennepe-Ruhr-Kreis','Nordrhein-Westfalen'),(1402,55,'WIV','aus dem Film \"Hanne\"','fiktiver Ort','Filmproduktion'),(1403,55,'WIZ','WItZenhausen','Werra-Meißner-Kreis','Hessen'),(1404,55,'WK','WittstocK','Landkreis Ostprignitz-Ruppin','Brandenburg'),(1405,55,'WL','Winsen (Luhe)','Landkreis Harburg','Niedersachsen'),(1406,55,'WLG','WoLGast','Landkreis Vorpommern-Greifswald ohne die Stadt Greifswald','Mecklenburg-Vorpommern'),(1407,55,'WM','WeilheiM','Landkreis Weilheim-Schongau','Bayern'),(1408,55,'WMS','WolMirStedt','Landkreis Börde','Sachsen-Anhalt'),(1409,55,'WN','WaiblingeN','Rems-Murr-Kreis','Baden-Württemberg'),(1410,55,'WND','WeNDel','Landkreis St. Wendel','Saarland'),(1411,55,'WO','WOrms','Stadt Worms','Rheinland-Pfalz'),(1412,55,'WOB','WOlfsBurg','Stadt Wolfsburg','Niedersachsen'),(1413,55,'WOH','WOlfHagen','Landkreis Kassel','Hessen'),(1414,55,'WOL','WOLfach','Ortenaukreis, Landkreis Freudenstadt (A bis E 9000–9999)','Baden-Württemberg'),(1415,55,'WOR','WOlfRatshausen','Landkreis Bad Tölz-Wolfratshausen, Landkreis München (F und O 10–9999), Landkreis Starnberg (B und G 10–9999)','Bayern'),(1416,55,'WOS','WOlfStein','Landkreis Freyung-Grafenau','Bayern'),(1417,55,'WR','WernigeRode','Landkreis Harz','Sachsen-Anhalt'),(1418,55,'WRN','WaReN','Landkreis Mecklenburgische Seenplatte ohne die Stadt Neubrandenburg','Mecklenburg-Vorpommern'),(1419,55,'WS','WasSerburg','Landkreis Rosenheim','Bayern'),(1420,55,'WSF','WeisSenFels','Burgenlandkreis','Sachsen-Anhalt'),(1421,55,'WST','WesterSTede','Landkreis Ammerland','Niedersachsen'),(1422,55,'WSW','WeisSWasser','Landkreis Görlitz','Sachsen'),(1423,55,'WT','WaldshuT','Landkreis Waldshut','Baden-Württemberg'),(1424,55,'WTL','WitTLage','Landkreis Osnabrück','Niedersachsen'),(1425,55,'WTM','WitTMund','Landkreis Wittmund','Niedersachsen'),(1426,55,'WÜ','WÜrzburg','Landkreis Würzburg, Stadt Würzburg (AA–NZ 100–9999 und OA–ZZ 100–999)','Bayern'),(1427,55,'WUG','WeißenbUrG','Landkreis Weißenburg-Gunzenhausen','Bayern'),(1428,55,'WÜM','WaldMÜnchen (mit einem Buchstabendreher)','Landkreis Cham','Bayern'),(1429,55,'WUN','WUNsiedel','Landkreis Wunsiedel im Fichtelgebirge','Bayern'),(1430,55,'WUR','WURzen','Landkreis Leipzig','Sachsen'),(1431,55,'WW','WesterWald','Westerwaldkreis','Rheinland-Pfalz'),(1432,55,'WZ','WetZlar','Stadt Wetzlar (Sonderstatusstadt im Lahn-Dill-Kreis)','Hessen'),(1433,55,'WZL','WanZLeben','Landkreis Börde','Sachsen-Anhalt'),(1434,55,'X','willkürlich gewählt','Internationale Hauptquartiere (NATO)','bundesweit'),(1435,55,'Y','willkürlich gewählt','Bundeswehr','bundesweit'),(1436,55,'Z','Zwickau','Landkreis Zwickau','Sachsen'),(1437,55,'ZE','ZErbst','Landkreis Anhalt-Bitterfeld','Sachsen-Anhalt'),(1438,55,'ZEL','ZELl','Landkreis Cochem-Zell','Rheinland-Pfalz'),(1439,55,'ZI','ZIttau','Landkreis Görlitz','Sachsen'),(1440,55,'ZIG','ZIeGenhain','Schwalm-Eder-Kreis','Hessen'),(1441,55,'ZP','ZschoPau','Erzgebirgskreis','Sachsen'),(1442,55,'ZR','ZeulenRoda','Landkreis Greiz','Thüringen'),(1443,55,'ZW','ZWeibrücken','Stadt Zweibrücken, Landkreis Südwestpfalz (AA–ZZ 1–99)','Rheinland-Pfalz'),(1444,55,'ZZ','ZeitZ','Burgenlandkreis','Sachsen-Anhalt');
/*!40000 ALTER TABLE `car_license_plates` ENABLE KEYS */;
UNLOCK TABLES;
DROP TABLE IF EXISTS `caravan_dates`;
/*!40101 SET @saved_cs_client     = @@character_set_client */;
/*!40101 SET character_set_client = utf8 */;
CREATE TABLE `caravan_dates` (
  `id` int(10) unsigned NOT NULL AUTO_INCREMENT,
  `caravan_id` int(10) unsigned NOT NULL,
  `from` date NOT NULL,
  `until` date NOT NULL,
  `persons` tinyint(3) unsigned NOT NULL,
  `electric` tinyint(3) unsigned DEFAULT NULL,
  `day_price` int(10) unsigned DEFAULT NULL,
  `price` int(10) unsigned NOT NULL,
  `prices` longtext COLLATE utf8mb4_unicode_ci NOT NULL,
  PRIMARY KEY (`id`),
  KEY `caravan_id` (`caravan_id`),
  CONSTRAINT `caravan_dates_ibfk_1` FOREIGN KEY (`caravan_id`) REFERENCES `caravans` (`id`) ON DELETE CASCADE ON UPDATE CASCADE
) ENGINE=InnoDB AUTO_INCREMENT=16 DEFAULT CHARSET=utf8mb4 COLLATE=utf8mb4_unicode_ci;
/*!40101 SET character_set_client = @saved_cs_client */;

LOCK TABLES `caravan_dates` WRITE;
/*!40000 ALTER TABLE `caravan_dates` DISABLE KEYS */;
INSERT INTO `caravan_dates` VALUES (1,1,'2020-01-01','2020-01-05',2,0,NULL,0,'{}'),(2,1,'2020-05-02','2020-05-06',3,1,NULL,0,'{}'),(3,1,'2020-01-04','2020-01-09',2,0,NULL,0,'{}'),(4,2,'2021-08-04','2021-08-06',3,0,NULL,0,'{}'),(5,2,'2021-09-16','2021-09-20',3,1,NULL,0,'{}'),(6,2,'2020-03-13','2020-03-14',3,0,NULL,0,'{}'),(7,3,'2020-09-13','2020-09-15',3,1,NULL,0,'{}'),(8,3,'2020-08-07','2020-08-10',1,0,NULL,0,'{}'),(9,3,'2020-02-23','2020-02-29',2,1,NULL,0,'{}'),(10,4,'2020-05-23','2020-05-25',3,1,NULL,0,'{}'),(11,4,'2020-08-13','2020-08-18',2,1,NULL,0,'{}'),(12,4,'2021-07-27','2021-08-01',3,0,NULL,0,'{}'),(13,5,'2021-07-14','2021-07-17',3,1,NULL,0,'{}'),(14,5,'2021-09-07','2021-09-11',1,0,NULL,0,'{}'),(15,5,'2021-10-12','2021-10-15',3,0,NULL,0,'{}');
/*!40000 ALTER TABLE `caravan_dates` ENABLE KEYS */;
UNLOCK TABLES;
DROP TABLE IF EXISTS `caravans`;
/*!40101 SET @saved_cs_client     = @@character_set_client */;
/*!40101 SET character_set_client = utf8 */;
CREATE TABLE `caravans` (
  `id` int(10) unsigned NOT NULL AUTO_INCREMENT,
  `country_id` int(10) unsigned NOT NULL,
  `carnumber` varchar(10) COLLATE utf8mb4_unicode_ci NOT NULL DEFAULT '',
  `carlength` tinyint(3) unsigned NOT NULL,
  `email` varchar(50) COLLATE utf8mb4_unicode_ci DEFAULT NULL,
  PRIMARY KEY (`id`),
  UNIQUE KEY `carnumber` (`carnumber`)
) ENGINE=InnoDB AUTO_INCREMENT=6 DEFAULT CHARSET=utf8mb4 COLLATE=utf8mb4_unicode_ci;
/*!40101 SET character_set_client = @saved_cs_client */;

LOCK TABLES `caravans` WRITE;
/*!40000 ALTER TABLE `caravans` DISABLE KEYS */;
INSERT INTO `caravans` VALUES (1,55,'V-HU 9055',6,'wolter.birte@example.com'),(2,55,'K-AB 8680',11,'lothar08@example.net'),(3,55,'S-ZF 6593',10,'bottcher.valentina@example.com'),(4,55,'W-DZ 2541',8,'schuler.karlheinz@example.org'),(5,55,'Z-HK 1366',8,'zimmermann.nils@example.com');
/*!40000 ALTER TABLE `caravans` ENABLE KEYS */;
UNLOCK TABLES;
DROP TABLE IF EXISTS `countries`;
/*!40101 SET @saved_cs_client     = @@character_set_client */;
/*!40101 SET character_set_client = utf8 */;
CREATE TABLE `countries` (
  `id` int(10) unsigned NOT NULL AUTO_INCREMENT,
  `code` char(2) COLLATE utf8mb4_unicode_ci NOT NULL,
  `en` varchar(100) COLLATE utf8mb4_unicode_ci NOT NULL,
  `de` varchar(100) COLLATE utf8mb4_unicode_ci NOT NULL,
  `es` varchar(100) COLLATE utf8mb4_unicode_ci NOT NULL,
  `fr` varchar(100) COLLATE utf8mb4_unicode_ci NOT NULL,
  `it` varchar(100) COLLATE utf8mb4_unicode_ci NOT NULL,
  `ru` varchar(100) COLLATE utf8mb4_unicode_ci NOT NULL,
  PRIMARY KEY (`id`),
  KEY `countries_code_en_de_index` (`code`,`en`,`de`)
) ENGINE=InnoDB AUTO_INCREMENT=251 DEFAULT CHARSET=utf8mb4 COLLATE=utf8mb4_unicode_ci;
/*!40101 SET character_set_client = @saved_cs_client */;

LOCK TABLES `countries` WRITE;
/*!40000 ALTER TABLE `countries` DISABLE KEYS */;
INSERT INTO `countries` VALUES (1,'AD','Andorra','Andorra','Andorra','ANDORRE','Andorra','Андорра'),(2,'AE','United Arab Emirates','Vereinigte Arabische Emirate','Emiratos Árabes Unidos','ÉMIRATS ARABES UNIS','Emirati Arabi Uniti','ОАЭ'),(3,'AF','Afghanistan','Afghanistan','Afganistán','AFGHANISTAN','Afghanistan','Афганистан'),(4,'AG','Antigua and Barbuda','Antigua und Barbuda','Antigua y Barbuda','ANTIGUA-ET-BARBUDA','Antigua e Barbuda','Антигуа и Барбуда'),(5,'AI','Anguilla','Anguilla','Anguila','ANGUILLA','Anguilla','Ангилья'),(6,'AL','Albania','Albanien','Albania','ALBANIE','Albania','Албания'),(7,'AM','Armenia','Armenien','Armenia','ARMÉNIE','Armenia','Армения'),(8,'AN','Netherlands Antilles','Niederländische Antillen','Antillas Neerlandesas','','',''),(9,'AO','Angola','Angola','Angola','ANGOLA','Angola','Ангола'),(10,'AQ','Antarctica','Antarktis','Antártida','ANTARCTIQUE','Antartide','Антарктида'),(11,'AR','Argentina','Argentinien','Argentina','ARGENTINE','Argentina','Аргентина'),(12,'AS','American Samoa','Amerikanisch-Samoa','Samoa Americana','SAMOA AMÉRICAINES','Samoa Americane','Американское Самоа'),(13,'AT','Austria','Österreich','Austria','AUTRICHE','Austria','Австрия'),(14,'AU','Australia','Australien','Australia','AUSTRALIE','Australia','Австралия'),(15,'AW','Aruba','Aruba','Aruba','ARUBA','Aruba','Аруба'),(16,'AX','Aland Islands','Åland','Islas Áland','ÅLAND, ÎLES','Isole Åland','Аландские острова'),(17,'AZ','Azerbaijan','Aserbaidschan','Azerbaiyán','AZERBAÏDJAN','Azerbaigian','Азербайджан'),(18,'BA','Bosnia and Herzegovina','Bosnien und Herzegowina','Bosnia y Herzegovina','BOSNIE-HERZÉGOVINE','Bosnia ed Erzegovina','Босния и Герцеговина'),(19,'BB','Barbados','Barbados','Barbados','BARBADE','Barbados','Барбадос'),(20,'BD','Bangladesh','Bangladesch','Bangladesh','BANGLADESH','Bangladesh','Бангладеш'),(21,'BE','Belgium','Belgien','Bélgica','BELGIQUE','Belgio','Бельгия'),(22,'BF','Burkina Faso','Burkina Faso','Burkina Faso','BURKINA FASO','Burkina Faso','Буркина-Фасо'),(23,'BG','Bulgaria','Bulgarien','Bulgaria','BULGARIE','Bulgaria','Болгария'),(24,'BH','Bahrain','Bahrain','Bahréin','BAHREÏN','Bahrein','Бахрейн'),(25,'BI','Burundi','Burundi','Burundi','BURUNDI','Burundi','Бурунди'),(26,'BJ','Benin','Benin','Benin','BÉNIN','Benin','Бенин'),(27,'BM','Bermuda','Bermuda','Bermudas','BERMUDES','Bermuda','Бермуды'),(28,'BN','Brunei','Brunei Darussalam','Brunéi','BRUNÉI DARUSSALAM','Brunei','Бруней'),(29,'BO','Bolivia','Bolivien','Bolivia','BOLIVIE, ÉTAT PLURINATIONAL DE','Bolivia','Боливия'),(30,'BR','Brazil','Brasilien','Brasil','BRÉSIL','Brasile','Бразилия'),(31,'BS','Bahamas','Bahamas','Bahamas','BAHAMAS','Bahamas','Багамы'),(32,'BT','Bhutan','Bhutan','Bhután','BHOUTAN','Bhutan','Бутан'),(33,'BV','Bouvet Island','Bouvetinsel','Isla Bouvet','BOUVET, ÎLE','Isola Bouvet','Остров Буве'),(34,'BW','Botswana','Botswana','Botsuana','BOTSWANA','Botswana','Ботсвана'),(35,'BY','Belarus','Belarus (Weißrussland)','Belarús','BÉLARUS','Bielorussia','Белоруссия'),(36,'BZ','Belize','Belize','Belice','BELIZE','Belize','Белиз'),(37,'CA','Canada','Kanada','Canadá','CANADA','Canada','Канада'),(38,'CC','Cocos (Keeling) Islands','Kokosinseln (Keelinginseln)','Islas Cocos','COCOS (KEELING], ÎLES','Isole Cocos (Keeling)','Кокосовые острова'),(39,'CD','Congo (Kinshasa)','Kongo','Congo','CONGO, LA RÉPUBLIQUE DÉMOCRATIQUE DU','RD del Congo','Демократическая Республика Конго'),(40,'CF','Central African Republic','Zentralafrikanische Republik','República Centro-Africana','CENTRAFRICAINE, RÉPUBLIQUE','Rep. Centrafricana','ЦАР'),(41,'CG','Congo (Brazzaville)','Republik Kongo','Congo','CONGO','Rep. del Congo','Республика Конго'),(42,'CH','Switzerland','Schweiz','Suiza','SUISSE','Svizzera','Швейцария'),(43,'CI','Ivory Coast','Elfenbeinküste','Costa de Marfil','CÔTE D’IVOIRE','Costa d\'Avorio','Кот-д’Ивуар'),(44,'CK','Cook Islands','Cookinseln','Islas Cook','COOK, ÎLES','Isole Cook','Острова Кука'),(45,'CL','Chile','Chile','Chile','CHILI','Cile','Чили'),(46,'CM','Cameroon','Kamerun','Camerún','CAMEROUN','Camerun','Камерун'),(47,'CN','China','China, Volksrepublik','China','CHINE','Cina','КНР (Китайская Народная Республика)'),(48,'CO','Colombia','Kolumbien','Colombia','COLOMBIE','Colombia','Колумбия'),(49,'CR','Costa Rica','Costa Rica','Costa Rica','COSTA RICA','Costa Rica','Коста-Рика'),(50,'CU','Cuba','Kuba','Cuba','CUBA','Cuba','Куба'),(51,'CV','Cape Verde','Kap Verde','Cabo Verde','CABO VERDE','Capo Verde','Кабо-Верде'),(52,'CX','Christmas Island','Weihnachtsinsel','Islas Christmas','CHRISTMAS, ÎLE','Isola di Natale','Остров Рождества'),(53,'CY','Cyprus','Zypern','Chipre','CHYPRE','Cipro','Кипр'),(54,'CZ','Czech Republic','Tschechische Republik','República Checa','TCHÈQUE, RÉPUBLIQUE','Rep. Ceca','Чехия'),(55,'DE','Germany','Deutschland','Alemania','ALLEMAGNE','Germania','Германия'),(56,'DJ','Djibouti','Dschibuti','Yibuti','DJIBOUTI','Gibuti','Джибути'),(57,'DK','Denmark','Dänemark','Dinamarca','DANEMARK','Danimarca','Дания'),(58,'DM','Dominica','Dominica','Domínica','DOMINIQUE','Dominica','Доминика'),(59,'DO','Dominican Republic','Dominikanische Republik','República Dominicana','DOMINICAINE, RÉPUBLIQUE','Rep. Dominicana','Доминиканская Республика'),(60,'DZ','Algeria','Algerien','Argelia','ALGÉRIE','Algeria','Алжир'),(61,'EC','Ecuador','Ecuador','Ecuador','ÉQUATEUR','Ecuador','Эквадор'),(62,'EE','Estonia','Estland (Reval)','Estonia','ESTONIE','Estonia','Эстония'),(63,'EG','Egypt','Ägypten','Egipto','ÉGYPTE','Egitto','Египет'),(64,'EH','Western Sahara','Westsahara','Sahara Occidental','SAHARA OCCIDENTAL','Sahara Occidentale','САДР'),(65,'ER','Eritrea','Eritrea','Eritrea','ÉRYTHRÉE','Eritrea','Эритрея'),(66,'ES','Spain','Spanien','España','ESPAGNE','Spagna','Испания'),(67,'ET','Ethiopia','Äthiopien','Etiopía','ÉTHIOPIE','Etiopia','Эфиопия'),(68,'FI','Finland','Finnland','Finlandia','FINLANDE','Finlandia','Финляндия'),(69,'FJ','Fiji','Fidschi','Fiji','FIDJI','Figi','Фиджи'),(70,'FK','Falkland Islands','Falklandinseln (Malwinen)','Islas Malvinas','FALKLAND, ÎLES (MALVINAS)','Isole Falkland','Фолклендские острова'),(71,'FM','Micronesia','Mikronesien','Micronesia','MICRONÉSIE, ÉTATS FÉDÉRÉS DE','Micronesia','Микронезия'),(72,'FO','Faroe Islands','Färöer','Islas Faroe','FÉROÉ, ÎLES','Fær Øer','Фареры'),(73,'FR','France','Frankreich','Francia','FRANCE','Francia','Франция'),(74,'GA','Gabon','Gabun','Gabón','GABON','Gabon','Габон'),(75,'GB','United Kingdom','Großbritannien und Nordirland','Reino Unido','ROYAUME-UNI','Regno Unito','Великобритания'),(76,'GD','Grenada','Grenada','Granada','GRENADE','Grenada','Гренада'),(77,'GE','Georgia','Georgien','Georgia','GÉORGIE','Georgia','Грузия'),(78,'GF','French Guiana','Französisch-Guayana','Guayana Francesa','GUYANE FRANÇAISE','Guyana francese','Гвиана'),(79,'GG','Guernsey','Guernsey (Kanalinsel)','Guernsey','GUERNESEY','Guernsey','Гернси'),(80,'GH','Ghana','Ghana','Ghana','GHANA','Ghana','Гана'),(81,'GI','Gibraltar','Gibraltar','Gibraltar','GIBRALTAR','Gibilterra','Гибралтар'),(82,'GL','Greenland','Grönland','Groenlandia','GROENLAND','Groenlandia','Гренландия'),(83,'GM','Gambia','Gambia','Gambia','GAMBIE','Gambia','Гамбия'),(84,'GN','Guinea','Guinea','Guinea','GUINÉE','Guinea','Гвинея'),(85,'GP','Guadeloupe','Guadeloupe','Guadalupe','GUADELOUPE','Guadalupa','Гваделупа'),(86,'GQ','Equatorial Guinea','Äquatorialguinea','Guinea Ecuatorial','GUINÉE ÉQUATORIALE','Guinea Equatoriale','Экваториальная Гвинея'),(87,'GR','Greece','Griechenland','Grecia','GRÈCE','Grecia','Греция'),(88,'GS','South Georgia and the South Sandwich Islands','Südgeorgien und die Südl. Sandwichinseln','Georgia del Sur e Islas Sandwich del Sur','GÉORGIE DU SUD ET LES ÎLES SANDWICH DU SUD','Georgia del Sud e isole Sandwich meridionali','Южная Георгия и Южные Сандвичевы Острова'),(89,'GT','Guatemala','Guatemala','Guatemala','GUATEMALA','Guatemala','Гватемала'),(90,'GU','Guam','Guam','Guam','GUAM','Guam','Гуам'),(91,'GW','Guinea-Bissau','Guinea-Bissau','Guinea-Bissau','GUINÉE-BISSAU','Guinea-Bissau','Гвинея-Бисау'),(92,'GY','Guyana','Guyana','Guayana','GUYANA','Guyana','Гайана'),(93,'HK','Hong Kong S.A.R., China','Hongkong','Hong Kong','HONG KONG','Hong Kong','Гонконг'),(94,'HM','Heard Island and McDonald Islands','Heard- und McDonald-Inseln','Islas Heard y McDonald','HEARD ET MACDONALD, ÎLES','Isole Heard e McDonald','Херд и Макдональд'),(95,'HN','Honduras','Honduras','Honduras','HONDURAS','Honduras','Гондурас'),(96,'HR','Croatia','Kroatien','Croacia','CROATIE','Croazia','Хорватия'),(97,'HT','Haiti','Haiti','Haití','HAÏTI','Haiti','Гаити'),(98,'HU','Hungary','Ungarn','Hungría','HONGRIE','Ungheria','Венгрия'),(99,'ID','Indonesia','Indonesien','Indonesia','INDONÉSIE','Indonesia','Индонезия'),(100,'IE','Ireland','Irland','Irlanda','IRLANDE','Irlanda','Флаг Ирландии Ирландия'),(101,'IL','Israel','Israel','Israel','ISRAËL','Israele','Израиль'),(102,'IM','Isle of Man','Insel Man','Isla de Man','ÎLE DE MAN','Isola di Man','Остров Мэн'),(103,'IN','India','Indien','India','INDE','India','Индия Индия'),(104,'IO','British Indian Ocean Territory','Britisches Territorium im Indischen Ozean','Territorio Británico del Océano Índico','OCÉAN INDIEN, TERRITOIRE BRITANNIQUE DE L\'','Territorio britannico dell\'oceano','Британская территория в Индийском океане'),(105,'IQ','Iraq','Irak','Irak','IRAQ','Iraq','Ирак'),(106,'IR','Iran','Iran','Irán','IRAN, RÉPUBLIQUE ISLAMIQUE D\'','Iran','Иран'),(107,'IS','Iceland','Island','Islandia','ISLANDE','Islanda','Исландия'),(108,'IT','Italy','Italien','Italia','ITALIE','Italia','Италия'),(109,'JE','Jersey','Jersey (Kanalinsel)','Jersey','JERSEY','Jersey','Джерси'),(110,'JM','Jamaica','Jamaika','Jamaica','JAMAÏQUE','Giamaica','Ямайка'),(111,'JO','Jordan','Jordanien','Jordania','JORDANIE','Giordania','Иордания'),(112,'JP','Japan','Japan','Japón','JAPON','Giappone','Япония'),(113,'KE','Kenya','Kenia','Kenia','KENYA','Kenya','Кения'),(114,'KG','Kyrgyzstan','Kirgisistan','Kirguistán','KIRGHIZISTAN','Kirghizistan','Киргизия'),(115,'KH','Cambodia','Kambodscha','Camboya','CAMBODGE','Cambogia','Камбоджа'),(116,'KI','Kiribati','Kiribati','Kiribati','KIRIBATI','Kiribati','Кирибати'),(117,'KM','Comoros','Komoren','Comoros','COMORES','Comore','Коморы'),(118,'KN','Saint Kitts and Nevis','St. Kitts und Nevis','San Cristóbal y Nieves','SAINT-KITTS-ET-NEVIS','Saint Kitts e Nevis','Сент-Китс и Невис'),(119,'KP','North Korea','Nordkorea','Corea del Norte','CORÉE, RÉPUBLIQUE POPULAIRE DÉMOCRATIQUE DE','Corea del Nord','КНДР (Корейская Народно-Демократическая Республика)'),(120,'KR','South Korea','Südkorea','Corea del Sur','CORÉE, RÉPUBLIQUE DE','Corea del Sud','Республика Корея'),(121,'KW','Kuwait','Kuwait','Kuwait','KOWEÏT','Kuwait','Кувейт'),(122,'KY','Cayman Islands','Kaimaninseln','Islas Caimán','CAÏMANES, ÎLES','Isole Cayman','Острова Кайман'),(123,'KZ','Kazakhstan','Kasachstan','Kazajstán','KAZAKHSTAN','Kazakistan','Казахстан'),(124,'LA','Laos','Laos','Laos','LAO, RÉPUBLIQUE DÉMOCRATIQUE POPULAIRE','Laos','Лаос'),(125,'LB','Lebanon','Libanon','Líbano','LIBAN','Libano','Ливан'),(126,'LC','Saint Lucia','St. Lucia','Santa Lucía','SAINTE-LUCIE','Santa Lucia','Сент-Люсия'),(127,'LI','Liechtenstein','Liechtenstein','Liechtenstein','LIECHTENSTEIN','Liechtenstein','Лихтенштейн'),(128,'LK','Sri Lanka','Sri Lanka','Sri Lanka','SRI LANKA','Sri Lanka','Шри-Ланка'),(129,'LR','Liberia','Liberia','Liberia','LIBÉRIA','Liberia','Либерия'),(130,'LS','Lesotho','Lesotho','Lesotho','LESOTHO','Lesotho','Лесото'),(131,'LT','Lithuania','Litauen','Lituania','LITUANIE','Lituania','Литва'),(132,'LU','Luxembourg','Luxemburg','Luxemburgo','LUXEMBOURG','Lussemburgo','Люксембург'),(133,'LV','Latvia','Lettland','Letonia','LETTONIE','Lettonia','Латвия'),(134,'LY','Libya','Libyen','Libia','LIBYE','Libia','Ливия'),(135,'MA','Morocco','Marokko','Marruecos','MAROC','Marocco','Марокко'),(136,'MC','Monaco','Monaco','Mónaco','MONACO','Monaco','Монако'),(137,'MD','Moldova','Moldawien','Moldova','MOLDOVA','Moldavia','Молдавия'),(138,'MG','Madagascar','Madagaskar','Madagascar','MADAGASCAR','Madagascar','Мадагаскар'),(139,'MH','Marshall Islands','Marshallinseln','Islas Marshall','MARSHALL, ÎLES','Isole Marshall','Маршалловы Острова'),(140,'MK','Macedonia','Mazedonien','Macedonia','MACÉDOINE, L\'EX-RÉPUBLIQUE YOUGOSLAVE DE','Macedonia','Македония'),(141,'ML','Mali','Mali','Mali','MALI','Mali','Мали'),(142,'MM','Myanmar','Myanmar (Burma)','Myanmar','MYANMAR','Birmania','Мьянма'),(143,'MN','Mongolia','Mongolei','Mongolia','MONGOLIE','Mongolia','Монголия'),(144,'MO','Macao S.A.R., China','Macau','Macao','MACAO','Macao','Макао'),(145,'MP','Northern Mariana Islands','Nördliche Marianen','Islas Marianas del Norte','MARIANNES DU NORD, ÎLES','Isole Marianne Settentrionali','Северные Марианские острова'),(146,'MQ','Martinique','Martinique','Martinica','MARTINIQUE','Martinica','Мартиника'),(147,'MR','Mauritania','Mauretanien','Mauritania','MAURITANIE','Mauritania','Мавритания'),(148,'MS','Montserrat','Montserrat','Montserrat','MONTSERRAT','Montserrat','Монтсеррат'),(149,'MT','Malta','Malta','Malta','MALTE','Malta','Мальта'),(150,'MU','Mauritius','Mauritius','Mauricio','MAURICE','Mauritius','Маврикий'),(151,'MV','Maldives','Malediven','Maldivas','MALDIVES','Maldive','Мальдивы'),(152,'MW','Malawi','Malawi','Malawi','MALAWI','Malawi','Малави'),(153,'MX','Mexico','Mexiko','México','MEXIQUE','Messico','Мексика'),(154,'MY','Malaysia','Malaysia','Malasia','MALAISIE','Malesia','Малайзия'),(155,'MZ','Mozambique','Mosambik','Mozambique','MOZAMBIQUE','Mozambico','Мозамбик'),(156,'NA','Namibia','Namibia','Namibia','NAMIBIE','Namibia','Намибия'),(157,'NC','New Caledonia','Neukaledonien','Nueva Caledonia','NOUVELLE-CALÉDONIE','Nuova Caledonia','Новая Каледония'),(158,'NE','Niger','Niger','Níger','NIGER','Niger','Нигер'),(159,'NF','Norfolk Island','Norfolkinsel','Islas Norkfolk','NORFOLK, ÎLE','Isola Norfolk','Остров Норфолк'),(160,'NG','Nigeria','Nigeria','Nigeria','NIGÉRIA','Nigeria','Нигерия'),(161,'NI','Nicaragua','Nicaragua','Nicaragua','NICARAGUA','Nicaragua','Никарагуа'),(162,'NL','Netherlands','Niederlande','Países Bajos','PAYS-BAS','Paesi Bassi','Нидерланды'),(163,'NO','Norway','Norwegen','Noruega','NORVÈGE','Norvegia','Норвегия'),(164,'NP','Nepal','Nepal','Nepal','NÉPAL','Nepal','Непал'),(165,'NR','Nauru','Nauru','Nauru','NAURU','Nauru','Науру'),(166,'NU','Niue','Niue','Niue','NIUÉ','Niue','Ниуэ'),(167,'NZ','New Zealand','Neuseeland','Nueva Zelanda','NOUVELLE-ZÉLANDE','Nuova Zelanda','Новая Зеландия'),(168,'OM','Oman','Oman','Omán','OMAN','Oman','Оман'),(169,'PA','Panama','Panama','Panamá','PANAMA','Panamá','Панама'),(170,'PE','Peru','Peru','Perú','PÉROU','Perù','Перу'),(171,'PF','French Polynesia','Französisch-Polynesien','Polinesia Francesa','POLYNÉSIE FRANÇAISE','Polinesia Francese','Французская Полинезия'),(172,'PG','Papua New Guinea','Papua-Neuguinea','Papúa Nueva Guinea','PAPOUASIE-NOUVELLE-GUINÉE','Papua Nuova Guinea','Папуа — Новая Гвинея'),(173,'PH','Philippines','Philippinen','Filipinas','PHILIPPINES','Filippine','Филиппины'),(174,'PK','Pakistan','Pakistan','Pakistán','PAKISTAN','Pakistan','Пакистан'),(175,'PL','Poland','Polen','Polonia','POLOGNE','Polonia','Польша'),(176,'PM','Saint Pierre and Miquelon','St. Pierre und Miquelon','San Pedro y Miquelón','SAINT-PIERRE-ET-MIQUELON','Saint-Pierre e Miquelon','Сен-Пьер и Микелон'),(177,'PN','Pitcairn','Pitcairninseln','Islas Pitcairn','PITCAIRN','Isole Pitcairn','Острова Питкэрн'),(178,'PR','Puerto Rico','Puerto Rico','Puerto Rico','PORTO RICO','Porto Rico','Пуэрто-Рико'),(179,'PS','Palestine','Palästina','Palestina','ÉTAT DE PALESTINE','Palestina','Государство Палестина'),(180,'PT','Portugal','Portugal','Portugal','PORTUGAL','Portogallo','Португалия'),(181,'PW','Palau','Palau','Islas Palaos','PALAOS','Palau','Палау'),(182,'PY','Paraguay','Paraguay','Paraguay','PARAGUAY','Paraguay','Парагвай'),(183,'QA','Qatar','Katar','Qatar','QATAR','Qatar','Катар'),(184,'RE','Reunion','Réunion','Reunión','RÉUNION','Riunione','Реюньон'),(185,'RO','Romania','Rumänien','Rumanía','ROUMANIE','Romania','Румыния'),(186,'RU','Russia','Russische Föderation','Rusia','RUSSIE, FÉDÉRATION DE','Russia','Россия'),(187,'RW','Rwanda','Ruanda','Ruanda','RWANDA','Ruanda','Руанда'),(188,'SA','Saudi Arabia','Saudi-Arabien','Arabia Saudita','ARABIE SAOUDITE','Arabia Saudita','Саудовская Аравия'),(189,'SB','Solomon Islands','Salomonen','Islas Solomón','SALOMON, ÎLES','Isole Salomone','Соломоновы Острова'),(190,'SC','Seychelles','Seychellen','Seychelles','SEYCHELLES','Seychelles','Сейшельские Острова'),(191,'SD','Sudan','Sudan','Sudán','SOUDAN','Sudan','Судан'),(192,'SE','Sweden','Schweden','Suecia','SUÈDE','Svezia','Швеция'),(193,'SG','Singapore','Singapur','Singapur','SINGAPOUR','Singapore','Сингапур'),(194,'SH','Saint Helena','St. Helena','Santa Elena','SAINTE-HÉLÈNE, ASCENSION ET TRISTAN DA CUNHA','Sant\'Elena, Ascensione e Tristan da Cunha','Острова Святой Елены, Вознесения и Тристан-да-Кунья'),(195,'SI','Slovenia','Slowenien','Eslovenia','SLOVÉNIE','SloveniaSlovenia','Словения'),(196,'SJ','Svalbard and Jan Mayen','Svalbard und Jan Mayen','Islas Svalbard y Jan Mayen','SVALBARD ET ÎLE JAN MAYEN','Svalbard e Jan Mayen','Флаг Шпицбергена и Ян-Майена Шпицберген и Ян-Майен'),(197,'SK','Slovakia','Slowakei','Eslovaquia','SLOVAQUIE','Slovacchia','Словакия'),(198,'SL','Sierra Leone','Sierra Leone','Sierra Leona','SIERRA LEONE','Sierra Leone','Сьерра-Леоне'),(199,'SM','San Marino','San Marino','San Marino','SAINT-MARIN','San Marino','Сан-Марино'),(200,'SN','Senegal','Senegal','Senegal','SÉNÉGAL','Senegal','Сенегал'),(201,'SO','Somalia','Somalia','Somalia','SOMALIE','Somalia','Сомали'),(202,'SR','Suriname','Suriname','Surinam','SURINAME','Suriname','Суринам'),(203,'ST','Sao Tome and Principe','São Tomé und Príncipe','Santo Tomé y Príncipe','SAO TOMÉ-ET-PRINCIPE','São Tomé e Príncipe','Сан-Томе и Принсипи'),(204,'SV','El Salvador','El Salvador','El Salvador','EL SALVADOR','El Salvador','Сальвадор'),(205,'SY','Syria','Syrien','Siria','SYRIENNE, RÉPUBLIQUE ARABE','Siria','Сирия'),(206,'SZ','Swaziland','Swasiland','Suazilandia','SWAZILAND','Swaziland','Свазиленд'),(207,'TC','Turks and Caicos Islands','Turks- und Caicosinseln','Islas Turcas y Caicos','TURKS ET CAÏQUES, ÎLES','Turks e Caicos','Тёркс и Кайкос'),(208,'TD','Chad','Tschad','Chad','TCHAD','Ciad','Чад'),(209,'TF','French Southern Territories','Französische Süd- und Antarktisgebiete','Territorios Australes Franceses','TERRES AUSTRALES FRANÇAISES','Terre australi e antartiche francesi','Французские Южные и Антарктические Территории'),(210,'TG','Togo','Togo','Togo','TOGO','Togo','Того'),(211,'TH','Thailand','Thailand','Tailandia','THAÏLANDE','Thailandia','Таиланд'),(212,'TJ','Tajikistan','Tadschikistan','Tayikistán','TADJIKISTAN','Tagikistan','Таджикистан'),(213,'TK','Tokelau','Tokelau','Tokelau','TOKELAU','Tokelau','Токелау'),(214,'TL','East Timor','Timor-Leste','Timor-Leste','TIMOR-LESTE','Timor Est','Восточный Тимор'),(215,'TM','Turkmenistan','Turkmenistan','Turkmenistán','TURKMÉNISTAN','Turkmenistan','Туркмения'),(216,'TN','Tunisia','Tunesien','Túnez','TUNISIE','Tunisia','Тунис'),(217,'TO','Tonga','Tonga','Tonga','TONGA','Tonga','Тонга'),(218,'TR','Turkey','Türkei','Turquía','TURQUIE','Turchia','Турция'),(219,'TT','Trinidad and Tobago','Trinidad und Tobago','Trinidad y Tobago','TRINITÉ-ET-TOBAGO','Trinidad e Tobago','Тринидад и Тобаго'),(220,'TV','Tuvalu','Tuvalu','Tuvalu','TUVALU','Tuvalu','Тувалу'),(221,'TW','Taiwan','Taiwan','Taiwán','TAÏWAN, PROVINCE DE CHINE','Taiwan','Китайская Республика'),(222,'TZ','Tanzania','Tansania','Tanzania','TANZANIE, RÉPUBLIQUE UNIE DE','Tanzania','Танзания'),(223,'UA','Ukraine','Ukraine','Ucrania','UKRAINE','Ucraina','Украина'),(224,'UG','Uganda','Uganda','Uganda','OUGANDA','Uganda','Уганда'),(225,'UM','United States Minor Outlying Islands','Amerikanisch-Ozeanien','Islas menores periféricas de los Estados Unidos','ÎLES MINEURES ÉLOIGNÉES DES ÉTATS-UNIS','Isole minori esterne degli Stati Uniti','Внешние малые острова (США)'),(226,'US','United States','Vereinigte Staaten von Amerika','Estados Unidos de América','ÉTATS-UNIS','Stati Uniti','США'),(227,'UY','Uruguay','Uruguay','Uruguay','URUGUAY','Uruguay','Уругвай'),(228,'UZ','Uzbekistan','Usbekistan','Uzbekistán','OUZBÉKISTAN','Uzbekistan','Узбекистан'),(229,'VA','Vatican','Vatikanstadt','Ciudad del Vaticano','SAINT-SIÈGE (ÉTAT DE LA CITÉ DU VATICAN)','Città del Vaticano','Ватикан'),(230,'VC','Saint Vincent and the Grenadines','St. Vincent und die Grenadinen','San Vicente y las Granadinas','SAINT-VINCENT-ET-LES-GRENADINES','Saint Vincent e Grenadine','Сент-Винсент и Гренадины'),(231,'VE','Venezuela','Venezuela','Venezuela','VENEZUELA, RÉPUBLIQUE BOLIVARIENNE DU','Venezuela','Венесуэла'),(232,'VG','British Virgin Islands','Britische Jungferninseln','Islas Vírgenes Británicas','ÎLES VIERGES BRITANNIQUES','Isole Vergini britanniche','Британские Виргинские острова'),(233,'VI','U.S. Virgin Islands','Amerikanische Jungferninseln','Islas Vírgenes de los Estados Unidos de América','ÎLES VIERGES DES ÉTATS-UNIS','Isole Vergini americane','Виргинские Острова (США)'),(234,'VN','Vietnam','Vietnam','Vietnam','VIET NAM','Vietnam','Вьетнам'),(235,'VU','Vanuatu','Vanuatu','Vanuatu','VANUATU','Vanuatu','Вануату'),(236,'WF','Wallis and Futuna','Wallis und Futuna','Wallis y Futuna','WALLIS-ET-FUTUNA','Wallis e Futuna','Уоллис и Футуна'),(237,'WS','Samoa','Samoa','Samoa','SAMOA','Samoa','Самоа'),(238,'YE','Yemen','Jemen','Yemen','YÉMEN','Yemen','Йемен'),(239,'YT','Mayotte','Mayotte','Mayotte','MAYOTTE','Mayotte','Майотта'),(240,'ZA','South Africa','Südafrika','Sudáfrica','AFRIQUE DU SUD','Sudafrica','ЮАР'),(241,'ZM','Zambia','Sambia','Zambia','ZAMBIE','Zambia','Замбия'),(242,'ZW','Zimbabwe','Simbabwe','Zimbabue','ZIMBABWE','Zimbabwe','Зимбабве'),(243,'RS','Serbia','Serbien','Serbia','SERBIE','Serbia','Сербия'),(244,'ME','Montenegro','Montenegro','Montenegro','MONTÉNÉGRO','Montenegro','Черногория'),(245,'BL','Saint Barthelemy !Saint Barthélemy','Saint-Barthélemy','Saint Barthélemy','SAINT-BARTHÉLEMY','Saint-Barthélemy','Сен-Бартелеми'),(246,'BQ','Bonaire, Sint Eustatius and Saba','Bonaire, Sint Eustatius und Saba','Bonaire, San Eustaquio y Saba','BONAIRE, SAINT-EUSTACHE ET SABA','Isole BES','Синт-Эстатиус и Саба'),(247,'CW','Curacao !Curaçao','Curaçao','Curaçao','CURAÇAO','Curaçao','Кюрасао'),(248,'MF','Saint Martin (French part)','Saint-Martin (franz. Teil)','Saint Martin (parte francesa)','SAINT-MARTIN (PARTIE FRANÇAISE)','Saint-Martin','Сен-Мартен'),(249,'SX','Sint Maarten (Dutch part)','Sint Maarten (niederl. Teil)','Sint Maarten (parte neerlandesa)','SAINT-MARTIN (PARTIE NÉERLANDAISE)','Sint Maarten','Синт-Мартен'),(250,'SS','South Sudan','Sudsudan!Südsudan','Sudán del Sur','SOUDAN DU SUD','Sudan del Sud','Южный Судан');
/*!40000 ALTER TABLE `countries` ENABLE KEYS */;
UNLOCK TABLES;
DROP TABLE IF EXISTS `customers`;
/*!40101 SET @saved_cs_client     = @@character_set_client */;
/*!40101 SET character_set_client = utf8 */;
CREATE TABLE `customers` (
  `id` int(10) unsigned NOT NULL AUTO_INCREMENT,
  `customer_type` enum('guest','permanent') COLLATE utf8mb4_unicode_ci NOT NULL DEFAULT 'guest',
  `name` varchar(50) COLLATE utf8mb4_unicode_ci NOT NULL DEFAULT '',
  `email` varchar(50) COLLATE utf8mb4_unicode_ci DEFAULT '',
  `password` varchar(100) COLLATE utf8mb4_unicode_ci DEFAULT '',
  `remember_token` varchar(100) COLLATE utf8mb4_unicode_ci DEFAULT NULL,
  `fon` varchar(50) COLLATE utf8mb4_unicode_ci DEFAULT NULL,
  `state` varchar(50) COLLATE utf8mb4_unicode_ci DEFAULT NULL,
  `street` varchar(50) COLLATE utf8mb4_unicode_ci DEFAULT NULL,
  `postcode` varchar(20) COLLATE utf8mb4_unicode_ci DEFAULT NULL,
  `city` varchar(50) COLLATE utf8mb4_unicode_ci DEFAULT NULL,
  `confirmed` tinyint(3) unsigned DEFAULT NULL,
  PRIMARY KEY (`id`)
) ENGINE=InnoDB AUTO_INCREMENT=6 DEFAULT CHARSET=utf8mb4 COLLATE=utf8mb4_unicode_ci;
/*!40101 SET character_set_client = @saved_cs_client */;

LOCK TABLES `customers` WRITE;
/*!40000 ALTER TABLE `customers` DISABLE KEYS */;
INSERT INTO `customers` VALUES (1,'permanent','Frau Prof. Catrin Knoll B.Eng.','susann.fuhrmann@t-online.de','$2y$10$92IXUNpkjO0rOQ5byMi.Ye4oKoEa3Ro9llC/.og/at2.uheWG/igi','ATvlXYJSWI','+49(0) 038599314','Vaterstetten','Straußweg 11','06717','Landau in der Pfalz',NULL),(2,'permanent','Gaby Riedel B.Sc.','hbeckmann@heinze.com','$2y$10$92IXUNpkjO0rOQ5byMi.Ye4oKoEa3Ro9llC/.og/at2.uheWG/igi','iZW898KGvw','+49 (0) 4925 700677','Herrenberg','Hinzstraße 56','65266','Forchheim',NULL),(3,'permanent','Monika Altmann','theresa.fuchs@buhler.com','$2y$10$92IXUNpkjO0rOQ5byMi.Ye4oKoEa3Ro9llC/.og/at2.uheWG/igi','ypOr09qiXS','+49(0)1376 705262','Bernau bei Berlin','Karla-Haag-Ring 73','03739','Haßloch',NULL),(4,'permanent','Frau Dr. Juliane Oswald MBA.','gunter09@gmx.de','$2y$10$92IXUNpkjO0rOQ5byMi.Ye4oKoEa3Ro9llC/.og/at2.uheWG/igi','XFD7Gda50Q','+49(0)4568383639','Weinheim','Lina-Simon-Weg 328','26433','Gifhorn',NULL),(5,'permanent','Herr Prof. Dr. Heinrich Hoffmann B.A.','hilmar.herold@hotmail.de','$2y$10$92IXUNpkjO0rOQ5byMi.Ye4oKoEa3Ro9llC/.og/at2.uheWG/igi','GYt8JeFybW','+49(0)3180694809','Peine','Ludwig-Hildebrandt-Gasse 184','67403','Villingen-Schwenningen',NULL);
/*!40000 ALTER TABLE `customers` ENABLE KEYS */;
UNLOCK TABLES;
DROP TABLE IF EXISTS `failed_jobs`;
/*!40101 SET @saved_cs_client     = @@character_set_client */;
/*!40101 SET character_set_client = utf8 */;
CREATE TABLE `failed_jobs` (
  `id` bigint(20) unsigned NOT NULL AUTO_INCREMENT,
  `uuid` varchar(100) COLLATE utf8mb4_unicode_ci NOT NULL,
  `connection` text COLLATE utf8mb4_unicode_ci NOT NULL,
  `queue` text COLLATE utf8mb4_unicode_ci NOT NULL,
  `payload` longtext COLLATE utf8mb4_unicode_ci NOT NULL,
  `exception` longtext COLLATE utf8mb4_unicode_ci NOT NULL,
  `failed_at` timestamp NOT NULL DEFAULT current_timestamp(),
  PRIMARY KEY (`id`),
  UNIQUE KEY `failed_jobs_uuid_unique` (`uuid`)
) ENGINE=InnoDB DEFAULT CHARSET=utf8mb4 COLLATE=utf8mb4_unicode_ci;
/*!40101 SET character_set_client = @saved_cs_client */;

LOCK TABLES `failed_jobs` WRITE;
/*!40000 ALTER TABLE `failed_jobs` DISABLE KEYS */;
/*!40000 ALTER TABLE `failed_jobs` ENABLE KEYS */;
UNLOCK TABLES;
DROP TABLE IF EXISTS `media`;
/*!40101 SET @saved_cs_client     = @@character_set_client */;
/*!40101 SET character_set_client = utf8 */;
CREATE TABLE `media` (
  `id` bigint(20) unsigned NOT NULL AUTO_INCREMENT,
  `model_type` varchar(191) COLLATE utf8mb4_unicode_ci NOT NULL,
  `model_id` bigint(20) unsigned NOT NULL,
  `uuid` char(36) COLLATE utf8mb4_unicode_ci DEFAULT NULL,
  `collection_name` varchar(191) COLLATE utf8mb4_unicode_ci NOT NULL,
  `name` varchar(191) COLLATE utf8mb4_unicode_ci NOT NULL,
  `file_name` varchar(191) COLLATE utf8mb4_unicode_ci NOT NULL,
  `mime_type` varchar(191) COLLATE utf8mb4_unicode_ci DEFAULT NULL,
  `disk` varchar(191) COLLATE utf8mb4_unicode_ci NOT NULL,
  `conversions_disk` varchar(191) COLLATE utf8mb4_unicode_ci DEFAULT NULL,
  `size` bigint(20) unsigned NOT NULL,
  `manipulations` longtext CHARACTER SET utf8mb4 COLLATE utf8mb4_bin NOT NULL CHECK (json_valid(`manipulations`)),
  `custom_properties` longtext CHARACTER SET utf8mb4 COLLATE utf8mb4_bin NOT NULL CHECK (json_valid(`custom_properties`)),
  `generated_conversions` longtext CHARACTER SET utf8mb4 COLLATE utf8mb4_bin NOT NULL CHECK (json_valid(`generated_conversions`)),
  `responsive_images` longtext CHARACTER SET utf8mb4 COLLATE utf8mb4_bin NOT NULL CHECK (json_valid(`responsive_images`)),
  `order_column` int(10) unsigned DEFAULT NULL,
  `created_at` timestamp NULL DEFAULT NULL,
  `updated_at` timestamp NULL DEFAULT NULL,
  PRIMARY KEY (`id`),
  UNIQUE KEY `media_uuid_unique` (`uuid`),
  KEY `media_model_type_model_id_index` (`model_type`,`model_id`)
) ENGINE=InnoDB DEFAULT CHARSET=utf8mb4 COLLATE=utf8mb4_unicode_ci;
/*!40101 SET character_set_client = @saved_cs_client */;

LOCK TABLES `media` WRITE;
/*!40000 ALTER TABLE `media` DISABLE KEYS */;
/*!40000 ALTER TABLE `media` ENABLE KEYS */;
UNLOCK TABLES;
DROP TABLE IF EXISTS `migrations`;
/*!40101 SET @saved_cs_client     = @@character_set_client */;
/*!40101 SET character_set_client = utf8 */;
CREATE TABLE `migrations` (
  `id` int(10) unsigned NOT NULL AUTO_INCREMENT,
  `migration` varchar(191) COLLATE utf8mb4_unicode_ci NOT NULL,
  `batch` int(11) NOT NULL,
  PRIMARY KEY (`id`)
) ENGINE=InnoDB AUTO_INCREMENT=24 DEFAULT CHARSET=utf8mb4 COLLATE=utf8mb4_unicode_ci;
/*!40101 SET character_set_client = @saved_cs_client */;

LOCK TABLES `migrations` WRITE;
/*!40000 ALTER TABLE `migrations` DISABLE KEYS */;
INSERT INTO `migrations` VALUES (1,'2014_10_12_100000_create_password_resets_table',1),(2,'2019_08_19_000000_create_failed_jobs_table',1),(3,'2019_12_14_000001_create_personal_access_tokens_table',1),(4,'2021_08_09_214411_create_permission_tables',1),(5,'2021_08_25_115413_create_sessions_table',1),(6,'2021_10_20_204903_create_admin_password_resets_table',1),(7,'2021_10_20_204903_create_admin_users_table',1),(8,'2021_10_20_204903_create_boat_dates_table',1),(9,'2021_10_20_204903_create_boat_guest_dates_table',1),(10,'2021_10_20_204903_create_boat_guests_table',1),(11,'2021_10_20_204903_create_boats_table',1),(12,'2021_10_20_204903_create_car_license_plates_table',1),(13,'2021_10_20_204903_create_caravan_dates_table',1),(14,'2021_10_20_204903_create_caravans_table',1),(15,'2021_10_20_204903_create_countries_table',1),(16,'2021_10_20_204903_create_customers_table',1),(17,'2021_10_20_204903_create_pages_table',1),(18,'2021_10_20_204903_create_widgets_table',1),(19,'2021_10_20_204905_add_foreign_keys_to_boat_guest_dates_table',1),(20,'2021_10_20_204905_add_foreign_keys_to_caravan_dates_table',1),(21,'2021_10_20_204906_add_foreign_keys_to_boat_dates_table',1),(22,'2021_10_20_204907_add_foreign_keys_to_boat_table',1),(23,'2021_11_02_145658_create_media_table',1);
/*!40000 ALTER TABLE `migrations` ENABLE KEYS */;
UNLOCK TABLES;
DROP TABLE IF EXISTS `model_has_permissions`;
/*!40101 SET @saved_cs_client     = @@character_set_client */;
/*!40101 SET character_set_client = utf8 */;
CREATE TABLE `model_has_permissions` (
  `permission_id` bigint(20) unsigned NOT NULL,
  `model_type` varchar(191) COLLATE utf8mb4_unicode_ci NOT NULL,
  `model_id` bigint(20) unsigned NOT NULL,
  PRIMARY KEY (`permission_id`,`model_id`,`model_type`),
  KEY `model_has_permissions_model_id_model_type_index` (`model_id`,`model_type`),
  CONSTRAINT `model_has_permissions_permission_id_foreign` FOREIGN KEY (`permission_id`) REFERENCES `permissions` (`id`) ON DELETE CASCADE
) ENGINE=InnoDB DEFAULT CHARSET=utf8mb4 COLLATE=utf8mb4_unicode_ci;
/*!40101 SET character_set_client = @saved_cs_client */;

LOCK TABLES `model_has_permissions` WRITE;
/*!40000 ALTER TABLE `model_has_permissions` DISABLE KEYS */;
/*!40000 ALTER TABLE `model_has_permissions` ENABLE KEYS */;
UNLOCK TABLES;
DROP TABLE IF EXISTS `model_has_roles`;
/*!40101 SET @saved_cs_client     = @@character_set_client */;
/*!40101 SET character_set_client = utf8 */;
CREATE TABLE `model_has_roles` (
  `role_id` bigint(20) unsigned NOT NULL,
  `model_type` varchar(191) COLLATE utf8mb4_unicode_ci NOT NULL,
  `model_id` bigint(20) unsigned NOT NULL,
  PRIMARY KEY (`role_id`,`model_id`,`model_type`),
  KEY `model_has_roles_model_id_model_type_index` (`model_id`,`model_type`),
  CONSTRAINT `model_has_roles_role_id_foreign` FOREIGN KEY (`role_id`) REFERENCES `roles` (`id`) ON DELETE CASCADE
) ENGINE=InnoDB DEFAULT CHARSET=utf8mb4 COLLATE=utf8mb4_unicode_ci;
/*!40101 SET character_set_client = @saved_cs_client */;

LOCK TABLES `model_has_roles` WRITE;
/*!40000 ALTER TABLE `model_has_roles` DISABLE KEYS */;
/*!40000 ALTER TABLE `model_has_roles` ENABLE KEYS */;
UNLOCK TABLES;
DROP TABLE IF EXISTS `pages`;
/*!40101 SET @saved_cs_client     = @@character_set_client */;
/*!40101 SET character_set_client = utf8 */;
CREATE TABLE `pages` (
  `id` int(10) unsigned NOT NULL AUTO_INCREMENT,
  `title` varchar(50) COLLATE utf8mb4_unicode_ci NOT NULL DEFAULT '',
  `slug` varchar(50) COLLATE utf8mb4_unicode_ci DEFAULT NULL,
  `content` mediumtext COLLATE utf8mb4_unicode_ci NOT NULL,
  PRIMARY KEY (`id`)
) ENGINE=InnoDB AUTO_INCREMENT=4 DEFAULT CHARSET=utf8mb4 COLLATE=utf8mb4_unicode_ci;
/*!40101 SET character_set_client = @saved_cs_client */;

LOCK TABLES `pages` WRITE;
/*!40000 ALTER TABLE `pages` DISABLE KEYS */;
INSERT INTO `pages` VALUES (1,'Est rerum dolorem.','est-rerum-dolorem','Beatae voluptatem debitis quidem natus reiciendis non. Nobis et dolorem ea dolorem. Accusantium dolores doloremque asperiores excepturi ad quae. Deleniti nisi laudantium et omnis porro culpa numquam. Fugiat ut voluptas praesentium. Et quae consequatur non voluptatem delectus sit culpa. Sapiente nobis soluta sed temporibus qui sit voluptatem. Quaerat quia doloribus quod qui maxime. Voluptate a aliquid odio esse qui repellat maxime corrupti. Ducimus quis tenetur voluptatum qui quibusdam incidunt iusto et. Pariatur corporis et et ea. Saepe magnam voluptates veritatis dolores. Quaerat molestias commodi et sunt saepe omnis. Ex vero sit perspiciatis. Soluta sit sed voluptates quibusdam unde. Modi nesciunt voluptas illum aut necessitatibus voluptas officiis. Occaecati quos et sunt autem consequatur excepturi veritatis. Beatae consequatur exercitationem soluta accusantium sapiente. Itaque dolorum odio non perferendis fuga. Qui fugit vel commodi illo exercitationem libero similique. Pariatur ut earum et fugit voluptas ad ea. Minima quidem et possimus est quo molestiae. Aperiam suscipit rem eum qui id nesciunt similique. Deleniti qui voluptatem voluptates laboriosam minima eum ea. Illum doloribus explicabo quam id vitae. Provident quia quidem placeat ratione dolore. Ea neque dolorem qui perferendis quis. Quisquam esse sit sit autem magnam illum voluptas. Fuga quaerat fuga dolorem voluptatem fugiat. Odio repudiandae quo a illo atque. Sit est et ea totam earum et nisi. Et similique numquam rerum. Cumque possimus accusantium dolorem expedita est omnis soluta. Dolorem vero dolorem iusto cupiditate ad non consequatur. Voluptatem minima tenetur facilis labore. Quae voluptate non ut excepturi. Voluptatibus dolorem tempore quae quisquam. Itaque rerum et non voluptatem non et quia. Odit tempora nostrum aliquam eos et enim voluptatem. Maiores dicta cupiditate aut architecto perspiciatis est. Eaque sint quia magni facere id et sit corporis. Rerum officiis architecto libero et mollitia nemo. Error earum id repudiandae occaecati non saepe. Beatae nemo nesciunt doloremque harum. Deleniti corporis quia sit deserunt dicta corporis voluptatem quasi. Aut in doloremque incidunt voluptas tempora perferendis voluptate. Architecto nisi ipsa corporis non sunt aut sit. Et saepe exercitationem laudantium suscipit accusantium doloremque. Et necessitatibus placeat voluptatem enim. Esse et facilis est et sint sequi et magnam. Optio temporibus repudiandae consequatur id quo veniam ducimus. Officia earum repellat voluptatem et. Autem facere quia ut autem sed debitis. Similique ducimus praesentium consectetur nostrum. Magnam beatae omnis non repudiandae ab vero amet. Incidunt occaecati aperiam aut. Est accusantium voluptatem non in. Reiciendis rerum alias beatae quam incidunt beatae dolores. Amet provident distinctio rem et odit deserunt. Qui in nisi consequuntur sit sed id rem possimus. Facere sed voluptates officiis laudantium et ut. Ipsum quae omnis enim consequuntur rerum. Aut non sed molestias doloribus aut. Sunt quibusdam excepturi fuga voluptatem est sapiente. Eos aut qui quasi dolor. Officiis qui doloribus et voluptatibus eveniet. Et consequatur voluptas sit officiis provident. Consequatur voluptate accusamus omnis modi cum recusandae id. Facere maiores nihil quam et. Odit voluptatem minus explicabo qui occaecati velit eum praesentium. Et dolorem et et qui ratione occaecati omnis. Exercitationem qui vero omnis deleniti et voluptatibus. Et expedita labore assumenda. Maxime aut optio ipsam a rerum nihil. Ex nostrum et libero eaque modi aut dicta. Qui nostrum nesciunt dolore possimus qui. Tenetur qui vitae a tempore. Quaerat quia enim deserunt perspiciatis. Itaque error quia beatae fugiat omnis eos cumque. Iusto quam quia vel quas. Ducimus placeat non voluptatem aperiam suscipit reiciendis optio. Illo voluptatum porro ipsam nihil maiores. Ut suscipit velit eligendi. Qui suscipit molestias qui quo eum omnis. Ad impedit atque in illum. Voluptates voluptatem enim ut soluta qui qui consequatur consequuntur. Sit ea et et et. Et repellendus perspiciatis odio ipsum quaerat qui tenetur. Est voluptas ut nam id sit nihil. Quod voluptatem aperiam velit sequi neque beatae. Beatae et nobis eos. Rerum quis quibusdam tempore velit rerum. Fugit architecto aspernatur quo. Animi est quia cupiditate qui. Quia atque cum saepe fuga vero qui. Nihil voluptatum quis id earum sequi explicabo et. Aut fuga ipsam pariatur autem. Amet sunt ipsa voluptatem recusandae et autem quas. Quaerat a sapiente et id occaecati ipsa. Dolor asperiores non est ut. Dignissimos aut voluptate ut itaque. Quo dolorem earum repellat voluptate esse. Quos delectus nulla qui culpa architecto dolorem libero. Ut minima aperiam laboriosam temporibus.'),(2,'Nostrum aut aut.','nostrum-aut-aut','Aut et sunt optio placeat et. Non ex sunt id. Vero animi rerum sint libero. Et ut ut eum et error deserunt. Placeat nihil iusto eum. Exercitationem voluptas earum ab perspiciatis voluptatem quod perspiciatis. Fuga delectus nemo amet et. Possimus odio pariatur vero voluptas perspiciatis nam natus iure. Nobis vitae quia velit numquam sed aliquid iure. Sed incidunt corporis blanditiis ipsam voluptas tempora. Eaque et totam quia. Iure quo dolores est quae voluptate. Molestiae rem maiores enim optio harum. Fuga quia officiis est adipisci cumque non. Ad sit voluptas ut non ullam ullam odit qui. Ut beatae doloremque accusantium libero. Dolores natus aliquid iure. Expedita nobis aspernatur labore delectus. Ullam quis ut est dolore cum. Rerum illo ut minus aperiam mollitia doloribus aspernatur et. Earum quos consectetur ut nostrum id. Ipsam non ullam maiores. Sunt recusandae vero quia et quae. Numquam amet ab inventore quos. Possimus qui eaque inventore et architecto ea ullam porro. Qui asperiores voluptas qui sequi magni. Accusamus ut doloribus eum eos delectus. Placeat in vel qui ut et. Doloremque non nobis exercitationem necessitatibus nam expedita. Nesciunt qui impedit at doloremque ut mollitia. Quia ullam asperiores qui et in. Cum beatae quibusdam suscipit quo. Quis perferendis temporibus dolores odio sint possimus temporibus. Nesciunt natus enim eligendi aliquid eum. Deserunt sed qui ut dolor. Incidunt rerum sed aut est dolorem molestiae repellendus laborum. Atque aut incidunt assumenda itaque pariatur ex rerum. Fugit dolorum ipsum distinctio explicabo. Et modi dolorum architecto officia officiis inventore tenetur. Autem voluptatem facere sit illo eum. Accusamus ipsa sit quam laborum maxime cumque. Quis minima recusandae voluptatum ex maxime enim. Repudiandae aut cum nobis vero cumque. Veritatis velit eum consequatur quo. Eum rerum et eum. Consequatur saepe nobis est velit tenetur. Repellendus temporibus alias sit. Error dolor et ut voluptate. Sequi assumenda nam quia debitis temporibus laboriosam quis. Quidem culpa sit sunt ipsam sint atque atque asperiores. Eum tempore eos dolorem impedit temporibus. Reiciendis vero mollitia qui. Architecto veniam accusantium voluptatem. Necessitatibus qui laudantium enim quis facilis dignissimos distinctio cumque. Libero provident id dicta. Totam accusantium labore dolorem quidem. Dolore enim fugiat in iure. Rerum aut voluptatem et necessitatibus exercitationem. Qui non est fuga atque. Exercitationem mollitia iusto officia. Ad dolorem rerum ipsam quos ipsam laudantium quibusdam animi. Cumque sit aspernatur amet qui et rerum neque. Optio est ipsam et qui quod. Saepe ea doloremque in quia. Sint provident id sint non dolore. Laboriosam tempora tempore quo impedit. Ipsum soluta at et earum. In animi ea nisi optio debitis. Quia voluptas laborum optio totam adipisci soluta hic. Totam porro ut reiciendis esse est autem. Nihil soluta vitae quae rerum porro. Itaque harum aliquam et. Totam aperiam similique voluptatem ut numquam. Est iste perferendis dolore rerum quibusdam ut provident provident. Ipsa nisi consequatur atque repudiandae cum ut. Atque sunt enim aliquam. Dolor vel ipsam voluptas qui animi. Ut voluptates voluptates sit dolorem voluptatem dolorem. Aut omnis corrupti ex ut ipsa quasi. Nobis corporis voluptas iusto eum magnam distinctio. Voluptatem quaerat incidunt dolore rem et ullam eius. Possimus eum omnis aut ut. Nobis quo sunt velit voluptatum quis. Nesciunt optio aut atque quia qui tempore. Magni est expedita repellendus ducimus officia aperiam corrupti. Optio beatae adipisci rerum voluptas sit. Voluptatum quas eius molestiae tenetur id totam. Et provident vero ex perspiciatis ullam provident. Accusantium et nulla et ea aliquid. Laudantium sit magnam cupiditate placeat qui. Deleniti occaecati vel sunt ut. Architecto dolorem optio iure nam. Voluptas et omnis dicta placeat. Omnis cupiditate officia voluptatum eos sint et dolores. Labore velit perferendis at. Unde minima facere voluptas officiis sunt nihil perspiciatis velit. Autem odio nihil voluptas sit provident. Eos ut voluptas non quis. Ducimus cum ipsam molestiae eligendi ut voluptatem. Eaque ad velit commodi iste harum quis eius. Vel assumenda aliquam facilis totam. Possimus minima placeat dolorem sequi ex. Fuga voluptatem porro expedita et officia et voluptatem et. Et maxime quo commodi maiores iusto ut voluptatem. Et atque corporis eius similique voluptas veritatis at. Quia est omnis rerum vero dignissimos nam. Ea et accusantium ut. Et accusantium ex fugiat. Repellendus culpa officiis consequatur eveniet debitis eum. Quia sit in est voluptas. Hic necessitatibus voluptatibus voluptas quo quisquam inventore. Qui voluptatem magnam provident corrupti voluptates. Et sed occaecati qui excepturi qui nihil illo. Et voluptatem quibusdam nesciunt eos ut porro reiciendis harum. Accusantium dolorum dolore velit tempora sint rem autem.'),(3,'Qui non ut velit ut.','qui-non-ut-velit-ut','Ea quo error quod et ut consequatur. Suscipit itaque aliquid error molestias. Laudantium sit quia ea nam. Qui et eos est quaerat totam cumque. Officia omnis quia aspernatur. Laborum deserunt dicta voluptates. Voluptas consequatur dolorem unde quae et nihil. Eum atque quidem alias repudiandae dolore non nam. Enim nisi sit reiciendis dolorem molestiae et. Quidem modi odio dolores sequi quibusdam possimus fugit. Ducimus labore ullam architecto consequatur blanditiis eveniet aut provident. Architecto et optio perspiciatis numquam cumque. Fugiat aliquid inventore rerum qui rerum. Omnis inventore id necessitatibus et quis. Ut provident dolorem consectetur deserunt. Consectetur ducimus et expedita ad itaque ullam facere. Reprehenderit corporis repellendus iste dolores. Nihil totam ut sunt accusamus harum ut rem. Repudiandae eum non inventore. Iste incidunt voluptatem beatae minus. Ipsum perferendis sed et velit molestiae reprehenderit assumenda. Aspernatur voluptate et totam sunt. Impedit reiciendis est voluptate rerum qui nam. Recusandae distinctio porro unde eum sunt tempora. Id earum dolores enim quae ut et id. Aut possimus animi dolorem ipsum. Quod dolor culpa impedit. Aspernatur porro iste qui assumenda est. Fugiat consequuntur consequatur vel repudiandae repellendus tempore tempora. Asperiores delectus vitae magni et voluptatum nam. Ad error dolorem quibusdam. Sit et rem delectus qui. Voluptatem omnis aut sit suscipit quaerat odio assumenda. Porro est sint iure quisquam. Doloribus numquam repellat tempore. Doloremque et beatae rerum beatae voluptatum minima. Sed vel aut accusamus voluptatibus. Cupiditate qui doloribus dicta neque libero et et. Voluptates earum ut libero incidunt. Ut quidem omnis iure et aspernatur eligendi fugiat. Repellat nulla ea quae qui. Ea quaerat voluptates repellendus nobis est magnam. Rerum facilis non non eius exercitationem occaecati pariatur eos. Porro ullam autem optio quod corrupti corporis aut doloremque. Quod quidem consectetur magnam. Non quasi corrupti beatae quisquam magni amet labore. Voluptates asperiores quo non voluptatem vel. Aut quos quia ratione culpa. Id velit quidem consequatur quo ut incidunt corrupti beatae. Animi dolor expedita est minus alias sit molestias aut. Beatae quia aut expedita perspiciatis. Maiores dolore magnam quo eos quisquam in qui ad. Nam commodi quos vero delectus rerum cum. Molestiae delectus distinctio et dolores et natus. Rem nam consectetur quaerat et excepturi cupiditate provident. Sed non itaque est praesentium. Labore pariatur possimus aut. Molestiae a quaerat ea et laudantium ut maxime. Ex et deleniti aut quos aut reiciendis placeat. Sequi voluptatem dignissimos labore delectus at odio quisquam et. Autem cumque et nesciunt qui. Excepturi repellat ea possimus voluptas assumenda eligendi suscipit. Quasi pariatur nam vel optio et et aut neque. Voluptatem itaque voluptas dolores eveniet repudiandae enim. Voluptatem quod ipsam sint et error assumenda quibusdam dolores. Soluta et quasi tenetur reiciendis debitis. Eius accusamus quis velit voluptatem dignissimos vel. Est blanditiis aut vero voluptas sint iure quod consectetur. Quo accusantium iusto eveniet qui non exercitationem id. Dolor quis ea atque in voluptates. Et accusamus laboriosam vero fugit ea. Aspernatur et modi qui. Velit quo voluptatem esse officiis. Eligendi debitis cumque est tempore nisi iste pariatur. Est et libero omnis iste est. Molestiae dolorum iste sed sed. Pariatur qui eos dicta adipisci minima. Velit et laboriosam nam. Asperiores ut totam in est voluptatem. Cupiditate asperiores ad quidem officiis. Molestias velit commodi voluptatum eaque ab. At voluptas nisi veniam impedit cum veritatis. Assumenda voluptate atque ut id. Doloremque porro veritatis aut exercitationem. Ut beatae repellat dignissimos sit tempora eos corrupti voluptatibus. Optio qui quis in. Nostrum omnis porro labore nesciunt ullam consequatur. Repellendus corporis tempora dolor quos quaerat qui. Quasi velit et soluta qui ut dolorem necessitatibus. Amet aliquam quam nostrum pariatur voluptate aut officiis. Et facere necessitatibus adipisci rerum nostrum. Asperiores vitae explicabo est iure quasi dolorem est. Enim ut occaecati in rerum aut ab. Autem sunt numquam ut qui odit eum ea. Quo repudiandae voluptatem dolor vel dolores et. Excepturi debitis debitis deserunt sapiente. Et placeat dolores minima ad. Quis tenetur dicta ut reiciendis. Incidunt sit amet non quae non et laudantium. Eum dolores sint non quod earum aut qui. Sit officia et sed molestias. Dignissimos ex pariatur voluptatem saepe quia aut eum quasi. Est dolores doloremque consequuntur dolores accusamus. Ipsam nihil aut amet perspiciatis. Neque aut est officiis suscipit qui qui necessitatibus. Deserunt reprehenderit nostrum quaerat enim hic veritatis. Atque recusandae voluptas architecto fugit tenetur. Assumenda quia nobis quod eos expedita voluptas delectus velit.');
/*!40000 ALTER TABLE `pages` ENABLE KEYS */;
UNLOCK TABLES;
DROP TABLE IF EXISTS `password_resets`;
/*!40101 SET @saved_cs_client     = @@character_set_client */;
/*!40101 SET character_set_client = utf8 */;
CREATE TABLE `password_resets` (
  `email` varchar(191) COLLATE utf8mb4_unicode_ci NOT NULL,
  `token` varchar(191) COLLATE utf8mb4_unicode_ci NOT NULL,
  `created_at` timestamp NULL DEFAULT NULL,
  KEY `password_resets_email_index` (`email`)
) ENGINE=InnoDB DEFAULT CHARSET=utf8mb4 COLLATE=utf8mb4_unicode_ci;
/*!40101 SET character_set_client = @saved_cs_client */;

LOCK TABLES `password_resets` WRITE;
/*!40000 ALTER TABLE `password_resets` DISABLE KEYS */;
/*!40000 ALTER TABLE `password_resets` ENABLE KEYS */;
UNLOCK TABLES;
DROP TABLE IF EXISTS `permissions`;
/*!40101 SET @saved_cs_client     = @@character_set_client */;
/*!40101 SET character_set_client = utf8 */;
CREATE TABLE `permissions` (
  `id` bigint(20) unsigned NOT NULL AUTO_INCREMENT,
  `name` varchar(191) COLLATE utf8mb4_unicode_ci NOT NULL,
  `guard_name` varchar(191) COLLATE utf8mb4_unicode_ci NOT NULL,
  `created_at` timestamp NULL DEFAULT NULL,
  `updated_at` timestamp NULL DEFAULT NULL,
  PRIMARY KEY (`id`),
  UNIQUE KEY `permissions_name_guard_name_unique` (`name`,`guard_name`)
) ENGINE=InnoDB AUTO_INCREMENT=39 DEFAULT CHARSET=utf8mb4 COLLATE=utf8mb4_unicode_ci;
/*!40101 SET character_set_client = @saved_cs_client */;

LOCK TABLES `permissions` WRITE;
/*!40000 ALTER TABLE `permissions` DISABLE KEYS */;
INSERT INTO `permissions` VALUES (1,'write Caravan','admin','2021-09-29 20:22:59','2021-09-30 10:51:44'),(2,'read Caravan','admin','2021-09-29 20:26:25','2021-09-30 10:51:57'),(3,'read CaravanDates','admin','2021-09-30 10:55:49','2021-09-30 10:55:49'),(4,'write CaravanDates','admin','2021-09-30 10:56:05','2021-09-30 10:56:05'),(5,'read Page','admin','2021-09-30 10:57:05','2021-09-30 10:57:05'),(6,'write Page','admin','2021-09-30 10:57:12','2021-09-30 10:57:12'),(7,'read User','admin','2021-09-30 11:00:12','2021-09-30 11:00:12'),(8,'write User','admin','2021-09-30 11:00:23','2021-09-30 11:00:23'),(9,'read Role','admin','2021-09-30 11:00:32','2021-09-30 11:00:32'),(10,'write Role','admin','2021-09-30 11:00:42','2021-09-30 11:00:42'),(11,'read Permission','admin','2021-09-30 11:00:51','2021-09-30 11:00:51'),(12,'write Permission','admin','2021-09-30 11:00:59','2021-09-30 11:00:59'),(13,'read Country','admin','2021-09-30 11:01:12','2021-09-30 11:01:12'),(14,'write Country','admin','2021-09-30 11:01:22','2021-09-30 11:01:22'),(15,'read CaravansMenu','admin','2021-09-30 12:36:07','2021-09-30 12:36:07'),(16,'read PermissionsMenu','admin','2021-09-30 12:36:45','2021-09-30 12:36:45'),(17,'read InfoMenu','admin','2021-09-30 12:37:09','2021-09-30 12:37:09'),(18,'read ContentMenu','admin','2021-10-02 10:41:31','2021-10-02 10:49:13'),(19,'read Widget','admin','2021-10-02 10:42:38','2021-10-02 10:42:38'),(20,'write Widget','admin','2021-10-02 10:42:46','2021-10-02 10:42:46'),(21,'read CustomersMenu','admin','2021-10-03 15:28:20','2021-10-03 15:28:20'),(22,'read BoatsMenu','admin','2021-10-03 15:28:42','2021-10-03 15:28:42'),(23,'read Customer','admin','2021-10-03 15:28:59','2021-10-03 15:28:59'),(24,'write Customer','admin','2021-10-03 15:29:07','2021-10-03 15:29:07'),(25,'read Boat','admin','2021-10-03 15:29:13','2021-10-03 15:29:13'),(26,'write Boat','admin','2021-10-03 15:29:19','2021-10-03 15:29:19'),(27,'read BoatMenu','customer','2021-10-04 16:12:22','2021-10-04 16:13:21'),(28,'read Boat','customer','2021-10-04 16:26:46','2021-10-04 16:26:46'),(29,'read Customer','customer','2021-10-04 16:27:14','2021-10-04 16:27:14'),(30,'read CustomersMenu','customer','2021-10-04 16:27:46','2021-10-04 16:27:46'),(31,'read Routes','admin','2021-10-04 16:50:06','2021-10-04 16:50:06'),(32,'read BoatDates','admin','2021-10-10 20:17:04','2021-10-10 20:17:04'),(33,'write BoatDates','admin','2021-10-10 20:17:11','2021-10-10 20:17:11'),(34,'read BoatGuest','admin','2021-10-10 20:17:20','2021-10-10 20:17:20'),(35,'write BoatGuest','admin','2021-10-10 20:17:28','2021-10-10 20:17:28'),(36,'read BoatGuestDates','admin','2021-10-10 20:17:37','2021-10-10 20:17:37'),(37,'write BoatGuestDates','admin','2021-10-10 20:17:44','2021-10-10 20:17:44'),(38,'confirm Registration','admin','2021-10-20 10:11:54','2021-10-20 10:11:54');
/*!40000 ALTER TABLE `permissions` ENABLE KEYS */;
UNLOCK TABLES;
DROP TABLE IF EXISTS `personal_access_tokens`;
/*!40101 SET @saved_cs_client     = @@character_set_client */;
/*!40101 SET character_set_client = utf8 */;
CREATE TABLE `personal_access_tokens` (
  `id` bigint(20) unsigned NOT NULL AUTO_INCREMENT,
  `tokenable_type` varchar(191) COLLATE utf8mb4_unicode_ci NOT NULL,
  `tokenable_id` bigint(20) unsigned NOT NULL,
  `name` varchar(191) COLLATE utf8mb4_unicode_ci NOT NULL,
  `token` varchar(64) COLLATE utf8mb4_unicode_ci NOT NULL,
  `abilities` text COLLATE utf8mb4_unicode_ci DEFAULT NULL,
  `last_used_at` timestamp NULL DEFAULT NULL,
  `created_at` timestamp NULL DEFAULT NULL,
  `updated_at` timestamp NULL DEFAULT NULL,
  PRIMARY KEY (`id`),
  UNIQUE KEY `personal_access_tokens_token_unique` (`token`),
  KEY `personal_access_tokens_tokenable_type_tokenable_id_index` (`tokenable_type`,`tokenable_id`)
) ENGINE=InnoDB DEFAULT CHARSET=utf8mb4 COLLATE=utf8mb4_unicode_ci;
/*!40101 SET character_set_client = @saved_cs_client */;

LOCK TABLES `personal_access_tokens` WRITE;
/*!40000 ALTER TABLE `personal_access_tokens` DISABLE KEYS */;
/*!40000 ALTER TABLE `personal_access_tokens` ENABLE KEYS */;
UNLOCK TABLES;
DROP TABLE IF EXISTS `role_has_permissions`;
/*!40101 SET @saved_cs_client     = @@character_set_client */;
/*!40101 SET character_set_client = utf8 */;
CREATE TABLE `role_has_permissions` (
  `permission_id` bigint(20) unsigned NOT NULL,
  `role_id` bigint(20) unsigned NOT NULL,
  PRIMARY KEY (`permission_id`,`role_id`),
  KEY `role_has_permissions_role_id_foreign` (`role_id`),
  CONSTRAINT `role_has_permissions_permission_id_foreign` FOREIGN KEY (`permission_id`) REFERENCES `permissions` (`id`) ON DELETE CASCADE,
  CONSTRAINT `role_has_permissions_role_id_foreign` FOREIGN KEY (`role_id`) REFERENCES `roles` (`id`) ON DELETE CASCADE
) ENGINE=InnoDB DEFAULT CHARSET=utf8mb4 COLLATE=utf8mb4_unicode_ci;
/*!40101 SET character_set_client = @saved_cs_client */;

LOCK TABLES `role_has_permissions` WRITE;
/*!40000 ALTER TABLE `role_has_permissions` DISABLE KEYS */;
/*!40000 ALTER TABLE `role_has_permissions` ENABLE KEYS */;
UNLOCK TABLES;
DROP TABLE IF EXISTS `roles`;
/*!40101 SET @saved_cs_client     = @@character_set_client */;
/*!40101 SET character_set_client = utf8 */;
CREATE TABLE `roles` (
  `id` bigint(20) unsigned NOT NULL AUTO_INCREMENT,
  `name` varchar(191) COLLATE utf8mb4_unicode_ci NOT NULL,
  `guard_name` varchar(191) COLLATE utf8mb4_unicode_ci NOT NULL,
  `created_at` timestamp NULL DEFAULT NULL,
  `updated_at` timestamp NULL DEFAULT NULL,
  PRIMARY KEY (`id`),
  UNIQUE KEY `roles_name_guard_name_unique` (`name`,`guard_name`)
) ENGINE=InnoDB DEFAULT CHARSET=utf8mb4 COLLATE=utf8mb4_unicode_ci;
/*!40101 SET character_set_client = @saved_cs_client */;

LOCK TABLES `roles` WRITE;
/*!40000 ALTER TABLE `roles` DISABLE KEYS */;
/*!40000 ALTER TABLE `roles` ENABLE KEYS */;
UNLOCK TABLES;
DROP TABLE IF EXISTS `sessions`;
/*!40101 SET @saved_cs_client     = @@character_set_client */;
/*!40101 SET character_set_client = utf8 */;
CREATE TABLE `sessions` (
  `id` varchar(191) COLLATE utf8mb4_unicode_ci NOT NULL,
  `user_id` bigint(20) unsigned DEFAULT NULL,
  `ip_address` varchar(45) COLLATE utf8mb4_unicode_ci DEFAULT NULL,
  `user_agent` text COLLATE utf8mb4_unicode_ci DEFAULT NULL,
  `payload` text COLLATE utf8mb4_unicode_ci NOT NULL,
  `last_activity` int(11) NOT NULL,
  PRIMARY KEY (`id`),
  KEY `sessions_user_id_index` (`user_id`),
  KEY `sessions_last_activity_index` (`last_activity`)
) ENGINE=InnoDB DEFAULT CHARSET=utf8mb4 COLLATE=utf8mb4_unicode_ci;
/*!40101 SET character_set_client = @saved_cs_client */;

LOCK TABLES `sessions` WRITE;
/*!40000 ALTER TABLE `sessions` DISABLE KEYS */;
/*!40000 ALTER TABLE `sessions` ENABLE KEYS */;
UNLOCK TABLES;
DROP TABLE IF EXISTS `widgets`;
/*!40101 SET @saved_cs_client     = @@character_set_client */;
/*!40101 SET character_set_client = utf8 */;
CREATE TABLE `widgets` (
  `id` int(10) unsigned NOT NULL AUTO_INCREMENT,
  `title` varchar(50) COLLATE utf8mb4_unicode_ci DEFAULT NULL,
  `slug` varchar(50) COLLATE utf8mb4_unicode_ci DEFAULT NULL,
  `content` text COLLATE utf8mb4_unicode_ci NOT NULL,
  `position` int(10) unsigned NOT NULL,
  PRIMARY KEY (`id`)
) ENGINE=InnoDB AUTO_INCREMENT=4 DEFAULT CHARSET=utf8mb4 COLLATE=utf8mb4_unicode_ci;
/*!40101 SET character_set_client = @saved_cs_client */;

LOCK TABLES `widgets` WRITE;
/*!40000 ALTER TABLE `widgets` DISABLE KEYS */;
INSERT INTO `widgets` VALUES (1,'Non et itaque.','non-et-itaque','Eum amet maiores veniam accusamus doloribus. Qui eveniet voluptas illum nihil aut quo suscipit. Quaerat sit velit nostrum beatae saepe ipsum. Sint iste quia laborum ipsam. Corrupti aut unde exercitationem mollitia expedita. Ut quod ut animi delectus ea facilis rerum. Repellendus nihil voluptatem accusamus debitis. Sunt harum ab soluta omnis omnis.',1),(2,'Quisquam nam.','quisquam-nam','Qui dolorem voluptatem illo ab inventore et et dolore. Ipsa doloribus placeat unde laudantium asperiores odio commodi. Quia possimus cumque aliquid nam. Atque autem est vero est aut. Temporibus aliquam blanditiis necessitatibus neque aut sed. Nostrum et voluptate cum. Rerum suscipit placeat provident voluptates. Atque culpa dignissimos omnis excepturi eius ea ut. Voluptas voluptatem laudantium vel est occaecati nesciunt. Totam in ut ab dolorem quidem.',2),(3,'Deserunt soluta ex.','deserunt-soluta-ex','Dolor est vero et facere labore dolorem esse. Culpa fugit voluptatem consequatur delectus amet saepe fugiat blanditiis. Quas ut beatae natus voluptatum neque. Vitae error dolor rerum vel repellendus. Quaerat harum et ex quo. Laudantium ullam provident placeat quia voluptatem voluptas totam. Nobis molestiae non nobis exercitationem. Commodi saepe voluptatem possimus odio est. Blanditiis ullam eveniet eveniet quo tempore autem beatae adipisci.',3);
/*!40000 ALTER TABLE `widgets` ENABLE KEYS */;
UNLOCK TABLES;
/*!40103 SET TIME_ZONE=@OLD_TIME_ZONE */;

/*!40101 SET SQL_MODE=@OLD_SQL_MODE */;
/*!40014 SET FOREIGN_KEY_CHECKS=@OLD_FOREIGN_KEY_CHECKS */;
/*!40014 SET UNIQUE_CHECKS=@OLD_UNIQUE_CHECKS */;
/*!40101 SET CHARACTER_SET_CLIENT=@OLD_CHARACTER_SET_CLIENT */;
/*!40101 SET CHARACTER_SET_RESULTS=@OLD_CHARACTER_SET_RESULTS */;
/*!40101 SET COLLATION_CONNECTION=@OLD_COLLATION_CONNECTION */;
/*!40111 SET SQL_NOTES=@OLD_SQL_NOTES */;

